episode,startTime,endTime,aliveTime,totalRewardGiven,totalPenaltyGiven,crowdingPenalty,totalPreySpawned,totalPredatorsSpawned,maxPreyGeneration,maxPredatorGeneration,foodConsumed,waterConsumed,totalMating,partialMatingReward,animalKilled,reachedLifeEnd,diedFromHunger,diedFromThirst,diedFromHealthOver
1,0.00,49.98,49.98,30.177,80.321,8.650,30,0,0,0,4,1,0,0.000,0,0,27,3,0
2,49.98,115.50,65.52,36.907,58.943,2.917,30,0,0,0,8,2,0,0.000,0,0,24,6,0
3,115.50,238.34,122.84,119.072,54.936,3.900,31,0,1,0,26,9,1,1.500,0,4,20,7,0
4,238.34,357.84,119.50,127.758,50.030,4.417,30,0,0,0,38,6,0,0.000,0,7,12,11,0
5,357.84,517.16,159.32,165.406,52.510,1.550,31,0,1,0,40,10,1,3.900,0,5,19,7,0
6,517.16,632.86,115.70,220.002,85.269,13.350,33,0,1,0,54,14,3,4.500,0,1,17,15,0
7,632.86,747.78,114.92,190.464,87.952,11.683,31,0,1,0,52,15,1,2.700,0,4,17,10,0
8,747.78,946.38,198.60,262.082,57.790,3.750,32,0,1,0,80,16,2,3.000,0,7,9,16,0
9,946.38,1061.52,115.14,226.004,46.549,1.017,31,0,1,0,67,16,1,2.850,0,9,17,5,0
10,1061.52,1271.76,210.24,243.685,51.480,2.575,32,0,1,0,68,17,2,5.400,0,13,15,4,0
11,1271.76,1391.40,119.64,237.409,49.759,7.575,30,0,0,0,75,20,0,4.500,0,13,12,5,0
12,1391.40,1640.28,248.88,493.068,59.692,5.559,38,0,2,0,124,27,8,16.050,0,20,7,11,0
13,1640.28,1855.98,215.70,295.212,72.832,9.869,34,0,2,0,79,19,4,7.500,0,8,15,11,0
14,1855.98,2067.28,211.30,443.917,68.925,9.894,36,0,2,0,112,35,6,11.850,0,17,11,8,0
15,2067.28,2370.94,303.66,396.732,47.076,8.260,33,0,2,0,107,32,3,7.650,0,21,10,2,0
16,2370.94,2594.40,223.46,466.002,61.154,17.811,36,0,2,0,117,36,6,13.500,0,19,14,3,0
17,2594.40,2769.18,174.78,528.311,58.966,15.778,36,0,1,0,131,41,6,20.250,0,21,6,9,0
18,2769.18,2941.96,172.78,511.968,48.043,4.266,36,0,1,0,126,40,6,15.750,0,20,12,4,0
19,2941.96,3141.28,199.32,480.758,58.018,4.141,35,0,1,0,128,39,5,14.850,0,19,8,8,0
20,3141.28,3393.22,251.94,435.925,62.984,12.289,35,0,2,0,117,35,5,13.349,0,17,12,6,0
21,3393.22,3595.78,202.56,527.450,56.939,10.639,36,0,1,0,132,42,6,16.349,0,22,8,6,0
22,3595.78,3841.46,245.68,643.165,66.662,4.366,41,0,2,0,153,46,11,21.149,0,23,13,5,0
23,3841.46,4038.82,197.36,729.455,67.481,7.656,42,0,2,0,158,56,12,26.399,0,24,10,8,0
24,4038.82,4304.62,265.80,573.254,63.227,13.338,37,0,2,0,135,43,7,26.249,0,20,13,4,0
25,4304.62,4588.16,283.54,697.966,61.853,12.589,41,0,2,0,163,52,11,20.249,0,24,10,7,0
26,4588.16,4771.54,183.38,552.126,59.138,8.056,37,0,1,0,134,47,7,19.649,0,21,11,5,0
27,4771.54,5101.48,329.94,807.807,63.503,18.021,43,0,3,0,184,63,13,25.049,0,33,5,5,0
28,5101.48,5378.50,277.02,1016.723,84.167,15.805,49,0,3,0,213,74,19,44.098,0,31,11,7,0
29,5378.50,5654.20,275.70,690.967,55.529,7.215,41,0,2,0,154,54,11,25.349,0,23,15,3,0
30,5654.20,5925.50,271.30,603.360,52.059,7.307,38,0,2,0,155,47,8,18.599,0,23,9,6,0
31,5925.50,6166.28,240.78,673.314,67.727,9.131,41,0,2,0,155,46,11,25.349,0,21,8,12,0
32,6166.28,6436.04,269.76,802.928,68.071,7.898,44,0,2,0,185,57,14,28.199,0,28,8,8,0
33,6436.04,6674.60,238.56,1006.251,72.630,12.039,47,0,2,0,199,78,17,42.298,0,34,10,4,0
34,6674.60,6941.34,266.74,903.475,66.989,8.698,46,0,3,0,199,66,16,37.801,0,31,11,4,0
35,6941.34,7207.60,266.26,742.571,47.757,4.774,40,0,2,0,158,62,10,28.655,0,29,8,3,0
36,7207.60,7450.16,242.56,902.961,63.882,5.065,44,0,2,0,164,66,14,30.005,0,24,16,4,0
37,7450.16,7783.88,333.72,1407.873,71.702,11.581,55,0,3,0,247,86,25,54.009,0,38,9,8,0
38,7783.88,8058.24,274.36,1277.289,84.607,24.436,52,0,2,0,229,79,22,42.007,0,39,7,6,0
39,8058.24,8308.28,250.04,904.826,62.510,7.806,43,0,2,0,175,61,13,31.655,0,27,7,9,0
40,8308.28,8532.26,223.98,1001.301,74.899,14.505,47,0,2,0,186,64,17,33.305,0,26,11,10,0
41,8532.26,8810.80,278.54,982.799,58.651,5.515,45,0,2,0,190,70,15,36.906,0,30,12,3,0
42,8810.80,9082.96,272.16,1034.176,51.324,5.349,45,0,2,0,195,73,15,36.756,0,32,8,5,0
43,9082.96,9363.22,280.26,1000.139,59.435,11.214,45,0,2,0,191,68,15,34.356,0,31,9,5,0
44,9363.22,9636.52,273.30,651.891,63.724,7.490,37,0,2,0,123,50,7,30.605,0,15,20,2,0
45,9636.52,9896.78,260.26,1087.902,78.198,9.423,48,0,2,0,204,65,18,39.906,0,30,8,10,0
46,9896.78,10169.70,272.92,982.697,57.925,14.496,44,0,2,0,181,66,14,37.356,0,36,6,2,0
47,10169.70,10506.46,336.76,1181.736,80.098,13.238,50,0,3,0,215,82,20,40.507,0,32,13,6,0
48,10506.46,10783.00,276.54,943.481,89.283,31.142,45,0,2,0,182,61,15,30.755,0,29,9,7,0
49,10783.00,11049.64,266.64,650.119,53.287,4.332,38,0,2,0,131,53,8,22.204,0,16,20,2,0
50,11049.64,11322.32,272.68,1166.813,60.468,15.038,47,0,2,0,214,83,17,45.007,0,39,6,2,0
51,11322.32,11594.74,272.42,1018.967,57.771,6.590,47,0,2,0,203,77,17,34.656,0,35,9,3,0
52,11594.74,11986.54,391.80,1310.215,70.751,11.306,60,0,4,0,276,113,30,61.660,0,46,5,9,0
53,11986.54,12251.26,264.72,1051.762,90.323,15.413,54,0,2,0,209,90,24,55.809,0,30,20,4,0
54,12251.26,12510.20,258.94,758.051,59.516,8.765,45,0,2,0,187,69,15,36.156,0,30,8,7,0
55,12510.20,12843.52,333.32,971.606,63.026,7.999,51,0,3,0,217,93,21,45.307,0,37,10,4,0
56,12843.52,13134.32,290.80,501.195,65.925,13.800,38,0,2,0,135,54,8,32.705,0,16,19,3,0
57,13134.32,13404.18,269.86,665.023,57.322,3.741,43,0,2,0,162,62,13,34.656,0,21,17,5,0
58,13404.18,13799.98,395.80,1294.465,99.587,27.884,62,0,4,0,282,110,32,62.110,0,43,14,5,0
59,13799.98,14051.18,251.20,849.750,68.749,8.407,48,0,2,0,195,70,18,39.156,0,32,7,9,0
60,14051.18,14345.90,294.72,986.121,65.999,9.257,52,0,2,0,214,85,22,54.159,0,34,16,2,0
61,14345.90,14681.58,335.68,904.438,78.871,14.793,50,0,3,0,205,77,20,46.508,0,31,10,9,0
62,14681.58,14960.36,278.78,1152.195,85.766,12.423,56,0,2,0,237,98,26,55.509,0,39,15,3,0
63,14960.36,15229.02,268.66,1010.141,106.826,25.513,53,0,2,0,205,89,23,46.508,0,35,15,3,0
64,15229.02,15644.84,415.82,1232.902,86.840,13.514,61,0,4,0,259,101,31,57.459,0,40,10,11,0
65,15644.84,15923.88,279.04,541.484,143.679,57.606,39,0,2,0,133,57,9,32.705,0,21,18,0,0
66,15923.88,16097.44,173.56,344.191,177.167,116.107,33,0,1,0,100,35,3,24.904,0,11,20,2,0
67,16097.44,16465.46,368.02,1148.652,69.022,9.632,56,0,3,0,253,92,26,54.459,0,39,13,4,0
68,16465.46,16756.12,290.66,631.824,69.529,14.307,41,0,2,0,163,62,11,34.206,0,30,11,0,0
69,16756.12,17154.70,398.58,1117.355,79.952,16.790,57,0,4,0,240,96,27,51.158,0,41,10,6,0
70,17154.70,17479.80,325.10,1118.910,70.409,8.965,56,0,3,0,257,94,26,52.959,0,41,7,9,0
71,17479.80,17796.72,316.92,778.211,70.113,10.116,46,0,3,0,189,73,16,37.954,0,34,8,4,0
72,17796.72,18121.34,324.62,1033.688,70.225,15.339,53,0,3,0,217,98,23,47.969,0,35,16,2,0
73,18121.34,18475.66,354.32,1041.820,71.078,14.948,52,0,3,0,229,100,22,53.515,0,43,7,2,0
74,18475.66,18746.86,271.20,648.293,69.579,14.892,42,0,3,0,163,64,12,36.726,0,26,12,4,0
75,18746.86,19014.46,267.60,711.594,63.357,11.348,44,0,2,0,167,71,14,42.123,0,26,16,2,0
76,19014.46,19317.20,302.74,1025.504,106.947,27.565,54,0,3,0,222,86,24,52.316,0,40,9,5,0
77,19317.20,19646.92,329.72,961.004,93.280,19.447,52,0,3,0,219,78,22,50.817,0,36,9,7,0
78,19646.92,20004.38,357.46,1120.082,63.197,13.274,56,0,3,0,246,98,26,55.314,0,45,10,1,0
79,20004.38,20361.98,357.60,1152.984,65.833,17.150,55,0,3,0,253,108,25,56.513,0,47,7,1,0
80,20361.98,20642.06,280.08,715.883,61.503,9.173,44,0,2,0,164,70,14,32.829,0,26,14,4,0
81,20642.06,20994.08,352.02,905.051,81.734,17.708,52,0,3,0,204,76,22,48.119,0,28,13,12,0
82,20994.08,21316.10,322.02,979.574,80.561,29.089,51,0,3,0,216,90,21,49.468,0,42,7,2,0
83,21316.10,21577.76,261.66,874.578,67.283,17.298,48,0,2,0,203,82,18,38.825,0,37,7,4,0
84,21577.76,21899.48,321.72,934.059,101.411,34.475,50,0,3,0,223,85,20,41.973,0,36,9,5,0
85,21899.48,22242.66,343.18,995.203,68.881,20.527,51,0,4,0,238,89,21,51.716,0,42,4,5,0
86,22242.66,22599.32,356.66,1078.383,80.442,18.481,54,0,3,0,235,97,24,56.663,0,41,10,3,0
87,22599.32,22977.40,378.08,1180.148,94.900,21.841,57,0,3,0,247,102,27,57.862,0,43,11,3,0
88,22977.40,23324.64,347.24,783.281,105.202,22.780,47,0,3,0,184,77,17,41.373,0,27,16,4,0
89,23324.64,23643.96,319.32,1158.469,78.993,17.205,56,0,3,0,249,97,26,59.511,0,46,6,4,0
90,23643.96,23922.50,278.54,844.242,62.060,18.431,46,0,2,0,201,82,16,41.823,0,38,8,0,0
91,23922.50,24185.68,263.18,890.867,59.497,13.003,48,0,2,0,205,86,18,45.121,0,34,8,6,0
92,24185.68,24468.22,282.54,685.180,69.232,14.208,44,0,2,0,145,72,14,31.779,0,23,18,3,0
93,24468.22,24799.72,331.50,970.531,65.702,11.420,51,0,4,0,212,96,21,48.868,0,36,12,3,0
94,24799.72,25246.60,446.88,1358.008,75.865,17.755,62,0,4,0,281,126,32,64.758,0,50,10,2,0
95,25246.60,25465.42,218.82,486.156,58.491,10.892,38,0,2,0,127,51,8,25.633,0,17,15,6,0
96,25465.42,25722.52,257.10,708.633,86.868,31.587,44,0,2,0,182,64,14,35.527,0,29,9,6,0
97,25722.52,26068.58,346.06,1179.188,72.799,13.193,57,0,3,0,238,111,27,62.959,0,44,9,4,0
98,26068.58,26486.20,417.62,1220.414,73.877,14.662,59,0,5,0,258,114,29,62.359,0,43,13,3,0
99,26486.20,26774.46,288.26,799.039,73.838,14.677,47,0,2,0,176,77,17,43.622,0,30,13,4,0
100,26774.46,27115.44,340.98,945.648,81.734,15.859,53,0,3,0,208,81,23,45.870,0,34,12,7,0
101,27115.44,27367.70,252.26,824.891,61.065,16.308,46,0,2,0,195,76,16,41.673,0,32,7,7,0
102,27367.70,27680.48,312.78,1097.805,63.391,10.954,54,0,3,0,234,107,24,52.316,0,41,8,5,0
103,27680.48,28016.30,335.82,1193.672,79.175,15.750,58,0,3,0,254,101,28,56.363,0,45,10,3,0
104,28016.30,28238.12,221.82,1099.609,90.594,20.412,55,0,2,0,221,94,25,57.712,0,35,15,5,0
105,28238.12,28532.84,294.72,611.156,73.451,16.795,41,0,3,0,155,60,11,40.624,0,23,17,1,0
106,28532.84,28854.64,321.80,756.398,70.561,14.000,47,0,3,0,173,69,17,43.022,0,25,17,5,0
107,28854.64,29220.12,365.48,1143.875,74.433,20.195,56,0,3,0,247,105,26,58.312,0,43,10,3,0
108,29220.12,29502.48,282.36,944.523,85.690,23.196,51,0,2,0,206,85,21,45.870,0,33,15,3,0
109,29502.48,29844.98,342.50,1023.430,75.028,24.560,53,0,3,0,226,93,23,48.868,0,37,13,3,0
110,29844.98,30122.10,277.12,853.883,79.574,18.669,48,0,2,0,202,75,18,38.225,0,37,6,5,0
111,30122.10,30391.84,269.74,836.828,65.848,20.522,46,0,2,0,181,84,16,53.365,0,31,14,1,0
112,30391.84,30733.84,342.00,1119.594,75.704,12.663,57,0,4,0,232,99,27,56.963,0,39,14,4,0
113,30733.84,30966.44,232.60,607.406,69.806,13.366,42,0,2,0,144,52,12,32.829,0,15,22,5,0
114,30966.44,31252.74,286.30,666.617,76.800,16.326,44,0,2,0,163,60,14,33.428,0,22,15,7,0
115,31252.74,31587.48,334.74,1273.156,70.164,15.242,59,0,3,0,268,121,29,60.111,0,47,8,4,0
116,31587.48,31924.42,336.94,1078.609,74.940,15.910,56,0,3,0,239,92,26,48.568,0,40,8,8,0
117,31924.42,32250.28,325.86,920.141,65.942,16.452,50,0,3,0,210,83,20,46.170,0,38,7,5,0
118,32250.28,32525.28,275.00,929.344,61.501,14.386,50,0,3,0,203,89,20,49.618,0,36,9,5,0
119,32525.28,32731.56,206.28,504.789,59.634,12.822,38,0,2,0,131,48,8,31.479,0,19,19,0,0
120,32731.56,33002.62,271.06,729.461,72.640,17.122,46,0,3,0,163,72,16,41.523,0,26,17,3,0
121,33002.62,33409.14,406.52,1142.695,93.863,17.486,59,0,4,0,262,91,29,60.261,0,39,13,7,0
122,33409.14,33770.82,361.68,990.438,91.840,16.332,51,0,3,0,224,94,21,52.766,0,40,11,0,0
123,33770.82,34059.96,289.14,869.680,60.484,11.110,48,0,2,0,195,87,18,46.770,0,33,14,1,0
124,34059.96,34345.52,285.56,731.281,153.307,91.318,43,0,2,0,194,71,13,39.125,0,35,7,1,0
125,34345.52,34683.68,338.16,1285.742,92.109,21.862,61,0,3,0,256,114,31,62.209,0,40,15,6,0
126,34683.68,35017.20,333.52,1209.063,72.719,11.327,58,0,3,0,259,105,28,56.513,0,40,12,6,0
127,35017.20,35344.46,327.26,1004.859,62.347,11.127,53,0,3,0,219,88,23,47.819,0,40,5,8,0
128,35344.46,35662.66,318.20,911.820,80.851,16.128,51,0,4,0,200,79,21,54.564,0,28,17,6,0
129,35662.66,36023.22,360.56,930.586,65.894,12.406,50,0,3,0,220,86,20,44.821,0,39,6,5,0
130,36023.22,36335.60,312.38,850.641,223.961,122.598,49,0,3,0,205,70,19,41.223,0,26,13,10,0
131,36335.60,36720.04,384.44,1193.500,83.978,18.934,60,0,4,0,244,102,30,62.060,0,44,15,1,0
132,36720.04,36993.72,273.68,797.883,89.965,29.993,46,0,2,0,174,74,16,39.874,0,35,10,1,0
133,36993.72,37332.72,339.00,1196.148,101.010,28.822,57,0,3,0,223,112,27,65.357,0,38,17,2,0
134,37332.72,37606.86,274.14,916.922,76.114,22.263,49,0,2,0,199,87,19,45.570,0,33,13,3,0
135,37606.86,37943.54,336.68,899.203,65.356,10.027,51,0,4,0,210,75,21,47.369,0,31,8,12,0
136,37943.54,38351.98,408.44,1613.859,94.021,27.214,70,0,4,0,322,134,40,74.951,0,60,6,4,0
137,38351.98,38616.78,264.80,876.125,119.899,48.915,47,0,2,0,198,91,17,47.369,0,35,9,3,0
138,38616.78,38862.78,246.00,611.484,63.284,8.799,42,0,2,0,146,58,12,30.730,0,21,17,4,0
139,38862.78,39190.40,327.62,1319.484,100.513,26.314,62,0,3,0,269,112,32,64.758,0,46,12,4,0
140,39190.40,39510.44,320.04,821.328,65.771,12.020,47,0,3,0,197,74,17,39.574,0,33,11,3,0
141,39510.44,39858.88,348.44,1109.141,76.727,12.891,56,0,3,0,238,97,26,57.862,0,36,10,10,0
142,39858.88,40229.62,370.74,1137.203,71.006,16.095,57,0,4,0,239,103,27,58.762,0,45,11,1,0
143,40229.62,40616.24,386.62,1244.375,86.239,20.602,61,0,4,0,263,105,31,64.008,0,43,9,9,0
144,40616.24,40887.38,271.14,863.414,64.054,14.685,46,0,2,0,203,82,16,53.065,0,35,6,5,0
145,40887.38,41215.82,328.44,1032.141,83.916,14.809,55,0,3,0,215,88,25,49.468,0,34,14,7,0
146,41215.82,41573.10,357.28,1078.750,78.527,18.826,55,0,3,0,243,90,25,53.815,0,38,14,3,0
147,41573.10,41930.02,356.92,1412.672,95.641,23.583,64,0,3,0,284,117,34,63.858,0,48,12,5,0
148,41930.02,42281.42,351.40,1283.703,96.271,18.693,61,0,4,0,266,107,31,61.910,0,41,13,7,0
149,42281.42,42593.96,312.54,1063.836,67.582,13.663,54,0,3,0,227,100,24,51.716,0,42,10,2,0
150,42593.96,42848.44,254.48,1006.273,74.666,13.074,52,0,2,0,208,87,22,52.616,0,33,12,7,0
151,42848.44,43129.04,280.60,1114.484,78.231,18.217,55,0,2,0,228,102,25,55.914,0,38,16,1,0
152,43129.04,43407.80,278.76,809.875,72.652,22.354,46,0,3,0,186,76,16,48.119,0,30,13,3,0
153,43407.80,43691.88,284.08,771.852,64.088,15.988,45,0,2,0,180,75,15,41.523,0,34,9,2,0
154,43691.88,44009.44,317.56,1077.219,75.114,13.887,56,0,3,0,239,87,26,52.916,0,37,7,12,0
155,44009.44,44418.04,408.60,1039.500,66.767,11.820,53,0,4,0,241,98,23,52.466,0,42,10,1,0
156,44418.04,44697.98,279.94,922.344,76.772,19.550,51,0,3,0,191,88,21,49.917,0,31,12,8,0
157,44697.98,45025.34,327.36,968.594,66.983,10.691,50,0,3,0,216,97,20,61.160,0,39,10,1,0
158,45025.34,45343.48,318.14,1192.344,82.438,21.960,57,0,3,0,246,109,27,60.111,0,43,12,2,0
159,45343.48,45684.94,341.46,1306.703,77.723,15.209,62,0,3,0,267,113,32,62.060,0,45,14,3,0
160,45684.94,45934.84,249.90,489.125,63.609,9.745,37,0,2,0,127,61,7,33.578,0,17,18,2,0
161,45934.84,46301.50,366.66,1209.719,88.814,17.722,59,0,3,0,260,105,29,55.914,0,42,12,5,0
162,46301.50,46605.94,304.44,1105.813,80.223,18.453,55,0,3,0,245,99,25,54.115,0,38,10,7,0
163,46605.94,46866.16,260.22,983.000,79.625,36.337,49,0,2,0,217,93,19,53.065,0,42,6,1,0
164,46866.16,47181.96,315.80,1190.234,93.330,24.847,60,0,3,0,257,94,30,60.710,0,32,11,17,0
165,47181.96,47537.66,355.70,1229.547,75.098,12.011,60,0,3,0,250,102,30,62.509,0,35,15,10,0
166,47537.66,47734.60,196.94,409.922,46.552,15.227,34,0,1,0,133,43,4,16.339,0,26,7,1,0
167,47734.60,48061.04,326.44,1026.031,77.714,24.272,53,0,3,0,225,95,23,46.020,0,38,10,5,0
168,48061.04,48478.08,417.04,1129.297,81.675,18.032,57,0,4,0,250,104,27,54.864,0,41,14,3,0
169,48478.08,48749.42,271.34,677.875,49.685,8.176,43,0,2,0,171,70,13,32.529,0,31,9,3,0
170,48749.42,49031.66,282.24,857.094,73.126,19.714,49,0,2,0,189,80,19,41.523,0,32,13,4,0
171,49031.66,49374.64,342.98,656.734,56.793,11.165,43,0,3,0,167,65,13,36.726,0,28,9,6,0
172,49374.64,49727.48,352.84,718.313,63.766,13.240,45,0,3,0,167,75,15,41.373,0,24,20,1,0
173,49727.48,50039.66,312.18,1101.609,99.839,31.023,56,0,3,0,235,94,26,51.866,0,43,8,5,0
174,50039.66,50386.32,346.66,952.859,80.450,23.342,51,0,3,0,224,84,21,43.472,0,41,5,5,0
175,50386.32,50768.26,381.94,1324.016,111.272,34.714,63,0,4,0,273,104,33,62.659,0,46,10,8,0
176,50768.26,51158.42,390.16,1121.172,78.515,19.010,56,0,4,0,250,97,26,57.413,0,42,6,8,0
177,51158.42,51435.02,276.60,928.547,70.197,9.347,49,0,2,0,220,85,19,47.069,0,37,9,3,0
178,51435.02,51774.22,339.20,1012.656,82.729,23.334,54,0,3,0,220,91,24,57.113,0,40,8,6,0
179,51774.22,52121.00,346.78,1076.969,67.841,15.423,54,0,4,0,239,98,24,56.213,0,39,9,6,0
180,52121.00,52451.30,330.30,1093.438,62.002,14.086,54,0,3,0,251,97,24,59.961,0,42,9,3,0
181,52451.30,52820.68,369.38,1308.547,83.566,24.487,62,0,3,0,270,114,32,66.257,0,51,10,1,0
182,52820.68,53070.22,249.54,881.844,51.787,13.008,47,0,2,0,195,84,17,51.866,0,37,7,3,0
183,53070.22,53410.34,340.12,1180.547,81.546,21.698,57,0,3,0,257,105,27,58.012,0,43,10,4,0
184,53410.34,53734.94,324.60,1134.484,76.570,14.842,57,0,3,0,243,95,27,58.762,0,46,6,5,0
185,53734.94,53975.06,240.12,433.125,58.514,9.172,36,0,2,0,121,48,6,27.582,0,13,21,2,0
186,53975.06,54235.98,260.92,532.594,114.478,43.820,39,0,2,0,135,52,9,28.182,0,25,12,2,0
187,54235.98,54476.34,240.36,706.797,75.127,23.757,44,0,2,0,168,68,14,40.324,0,29,12,3,0
188,54476.34,54801.40,325.06,1151.641,72.743,19.283,56,0,3,0,249,101,26,58.912,0,43,10,3,0
189,54801.40,55037.50,236.10,565.750,47.005,9.372,39,0,2,0,157,53,9,28.931,0,25,8,6,0
190,55037.50,55318.18,280.68,949.016,77.998,16.844,51,0,2,0,219,85,21,46.320,0,37,12,2,0
191,55318.18,55676.98,358.80,795.188,71.776,13.489,48,0,4,0,191,79,18,46.470,0,31,14,3,0
192,55676.98,55952.16,275.18,718.375,66.553,12.971,45,0,2,0,164,74,15,39.424,0,29,16,0,0
193,55952.16,56193.50,241.34,835.875,68.783,15.481,47,0,2,0,185,75,17,45.271,0,32,13,2,0
194,56193.50,56457.10,263.60,878.219,72.806,23.181,48,0,2,0,199,87,18,43.771,0,34,13,1,0
195,56457.10,56811.10,354.00,857.719,60.695,12.112,49,0,3,0,205,83,19,43.921,0,32,12,5,0
196,56811.10,57157.02,345.92,1233.688,78.153,12.020,59,0,3,0,253,104,29,63.189,0,43,11,5,0
197,57157.02,57427.20,270.18,663.563,57.440,12.834,42,0,2,0,156,71,12,36.094,0,27,15,0,0
198,57427.20,57737.84,310.64,953.500,75.729,14.493,51,0,3,0,212,90,21,49.479,0,37,8,6,0
199,57737.84,58130.00,392.16,1188.141,76.831,14.510,58,0,4,0,265,101,28,56.396,0,46,10,2,0
200,58130.00,58498.86,368.86,1229.250,81.741,20.105,61,0,3,0,255,105,31,64.518,0,44,11,6,0
201,58498.86,58843.26,344.40,1037.609,73.208,19.714,52,0,3,0,237,96,22,51.283,0,43,7,2,0
202,58843.26,59121.72,278.46,569.094,52.159,10.824,40,0,2,0,137,62,10,34.139,0,24,15,1,0
203,59121.72,59366.48,244.76,576.625,55.992,9.514,41,0,2,0,149,56,11,32.785,0,22,11,8,0
204,59366.48,59607.42,240.94,945.438,40.651,4.458,48,0,2,0,206,92,18,57.449,0,39,8,1,0
205,59607.42,59941.38,333.96,823.000,73.404,17.765,48,0,3,0,199,73,18,38.500,0,33,11,4,0
206,59941.38,60323.22,381.84,1211.156,84.823,23.169,59,0,3,0,259,115,29,61.209,0,45,13,1,0
207,60323.22,60602.36,279.14,1002.156,85.450,20.537,52,0,2,0,195,91,22,52.336,0,32,17,3,0
208,60602.36,60916.46,314.10,674.094,59.981,8.699,44,0,3,0,172,62,14,37.748,0,22,13,9,0
209,60916.46,61232.08,315.62,935.703,70.643,16.884,51,0,3,0,218,84,21,46.922,0,41,7,3,0
210,61232.08,61502.18,270.10,884.734,52.832,12.612,47,0,2,0,203,85,17,50.230,0,38,7,2,0
211,61502.18,61781.82,279.64,741.047,67.670,19.880,46,0,2,0,183,70,16,35.342,0,27,14,5,0
212,61781.82,62072.34,290.52,946.703,71.264,9.156,50,0,2,0,199,93,20,51.885,0,35,15,0,0
213,62072.34,62476.26,403.92,1021.063,75.226,11.878,55,0,4,0,235,91,25,59.855,0,32,16,7,0
214,62476.26,62716.16,239.90,813.359,65.075,14.377,47,0,2,0,188,70,17,44.666,0,33,11,4,0
215,62716.16,63037.20,321.04,1180.375,75.522,15.356,58,0,3,0,250,101,28,51.734,0,39,14,6,0
216,63037.20,63379.50,342.30,893.891,62.213,6.234,49,0,3,0,197,93,19,47.223,0,34,13,2,0
217,63379.50,63766.54,387.04,1364.266,94.521,26.331,64,0,4,0,293,109,34,62.412,0,51,5,8,0
218,63766.54,64113.36,346.82,934.172,100.611,5.761,52,0,3,0,200,89,22,47.824,0,32,15,5,0
219,64113.36,64471.80,358.44,1134.047,73.767,11.721,58,0,3,0,240,97,28,58.953,0,41,14,3,0
220,64471.80,64645.20,173.40,398.344,63.269,11.903,35,0,1,0,106,45,5,25.717,0,9,24,2,0
221,64645.20,64868.16,222.96,396.875,48.223,10.691,34,0,2,0,120,47,4,21.205,0,21,11,2,0
222,64868.16,65214.66,346.50,952.344,72.350,19.432,51,0,3,0,209,92,21,49.629,0,36,11,4,0
223,65214.66,65558.24,343.58,1083.813,78.961,18.737,55,0,3,0,236,91,25,56.848,0,39,6,10,0
224,65558.24,65847.54,289.30,1118.797,72.697,9.969,56,0,2,0,236,98,26,53.840,0,41,9,6,0
225,65847.54,66095.40,247.86,739.453,69.289,25.758,44,0,2,0,183,70,14,36.094,0,32,8,4,0
226,66095.40,66511.16,415.76,1444.594,114.041,27.476,67,0,4,0,303,120,37,68.578,0,48,9,10,0
227,66511.16,66820.30,309.14,910.609,85.322,15.332,50,0,3,0,207,84,20,46.621,0,37,8,5,0
228,66820.30,67181.98,361.68,1037.344,88.209,17.708,55,0,4,0,227,91,25,55.344,0,35,13,7,0
229,67181.98,67542.16,360.18,690.766,68.615,12.211,43,0,3,0,178,77,13,33.988,0,30,11,2,0
230,67542.16,67830.82,288.66,1097.719,67.727,11.571,53,0,2,0,239,100,23,53.238,0,42,10,1,0
231,67830.82,68085.38,254.56,689.078,62.254,6.856,43,0,2,0,171,69,13,35.191,0,29,10,4,0
232,68085.38,68431.48,346.10,1091.578,74.359,16.519,53,0,3,0,241,108,23,58.201,0,42,7,4,0
233,68431.48,68701.52,270.04,842.063,72.525,16.829,46,0,2,0,200,79,16,43.914,0,37,8,1,0
234,68701.52,68971.08,269.56,1050.484,99.648,33.258,53,0,2,0,212,93,23,55.494,0,32,19,2,0
235,68971.08,69333.62,362.54,1025.250,87.797,18.038,53,0,3,0,222,97,23,49.629,0,38,13,2,0
236,69333.62,69768.18,434.56,1056.109,99.572,15.249,54,0,4,0,237,104,24,56.246,0,36,14,4,0
237,69768.18,70042.12,273.94,1011.875,80.398,22.221,51,0,2,0,216,101,21,46.170,0,34,14,3,0
238,70042.12,70317.66,275.54,762.531,60.223,10.999,46,0,2,0,185,70,16,40.305,0,31,12,3,0
239,70317.66,70610.60,292.94,775.766,62.328,9.987,45,0,2,0,189,79,15,40.605,0,32,12,1,0
240,70610.60,70973.54,362.94,1208.813,96.471,19.175,58,0,3,0,264,107,28,59.555,0,42,12,4,0
241,70973.54,71311.90,338.36,822.750,69.209,11.978,47,0,3,0,196,79,17,41.809,0,37,8,2,0
242,71311.90,71659.74,347.84,990.063,91.027,19.093,52,0,3,0,225,93,22,53.238,0,38,10,4,0
243,71659.74,72021.10,361.36,994.250,110.135,32.469,52,0,3,0,226,93,22,51.133,0,39,11,2,0
244,72021.10,72384.12,363.02,1185.625,71.010,14.750,57,0,3,0,256,106,27,59.855,0,44,11,3,0
245,72384.12,72650.00,265.88,784.734,78.719,19.316,45,0,2,0,195,75,15,36.545,0,35,8,2,0
246,72650.00,72922.84,272.84,914.344,76.580,16.909,49,0,2,0,214,82,19,43.012,0,37,6,6,0
247,72922.84,73308.94,386.10,1054.516,80.518,13.622,55,0,4,0,227,93,25,54.893,0,42,9,4,0
248,73308.94,73659.16,350.22,905.594,94.217,24.595,51,0,3,0,208,85,21,44.516,0,29,14,8,0
249,73659.16,73998.02,338.86,1098.297,77.070,16.411,55,0,3,0,244,87,25,51.584,0,42,8,6,0
250,73998.02,74299.00,300.98,997.563,101.273,20.196,52,0,3,0,231,88,22,48.576,0,38,7,7,0
251,74299.00,74668.06,369.06,1289.219,98.381,21.034,62,0,3,0,262,113,32,61.359,0,44,17,1,0
252,74668.06,74930.24,262.18,778.516,139.240,70.208,45,0,2,0,178,81,15,43.613,0,34,10,1,0
253,74930.24,75280.70,350.46,1090.469,66.436,8.708,56,0,3,0,224,99,26,51.584,0,42,13,1,0
254,75280.70,75496.24,215.54,714.484,98.352,42.334,44,0,1,0,164,64,14,43.914,0,31,12,1,0
255,75496.24,75812.66,316.42,813.797,64.277,12.393,47,0,3,0,195,79,17,41.508,0,36,9,2,0
256,75812.66,76086.82,274.16,766.344,73.004,9.064,45,0,2,0,188,77,15,44.816,0,31,10,4,0
257,76086.82,76394.20,307.38,916.016,92.355,17.780,50,0,3,0,209,87,20,47.373,0,33,12,5,0
258,76394.20,76663.12,268.92,786.078,79.361,23.334,46,0,2,0,187,73,16,46.170,0,32,7,7,0
259,76663.12,76968.10,304.98,701.484,62.029,9.064,44,0,3,0,171,78,14,38.801,0,31,12,1,0
260,76968.10,77258.16,290.06,926.266,78.279,13.970,50,0,2,0,194,85,20,50.381,0,32,16,2,0
261,77258.16,77599.96,341.80,966.250,89.363,11.762,52,0,3,0,219,87,22,44.666,0,37,12,3,0
262,77599.96,77909.70,309.74,1073.781,92.969,21.565,54,0,3,0,242,92,24,52.336,0,39,7,8,0
263,77909.70,78175.04,265.34,751.156,75.158,19.283,46,0,2,0,168,70,16,42.260,0,25,15,6,0
264,78175.04,78477.54,302.50,976.203,95.262,23.832,53,0,3,0,216,82,23,52.186,0,30,12,11,0
265,78477.54,78816.88,339.34,1141.906,76.920,10.525,57,0,3,0,252,96,27,61.209,0,41,9,7,0
266,78816.88,79153.80,336.92,1160.422,98.746,25.259,57,0,3,0,241,101,27,54.141,0,41,12,4,0
267,79153.80,79444.06,290.26,895.453,81.262,25.400,49,0,2,0,199,87,19,50.080,0,37,8,4,0
268,79444.06,79808.14,364.08,951.609,74.502,8.201,52,0,3,0,217,93,22,48.576,0,34,12,6,0
269,79808.14,80022.04,213.90,621.484,95.813,9.413,42,0,2,0,147,67,12,37.598,0,22,18,2,0
270,80022.04,80379.00,356.96,1129.844,99.311,13.173,56,0,3,0,242,102,26,56.697,0,40,12,4,0
271,80379.00,80744.08,365.08,964.484,82.248,13.165,51,0,3,0,218,89,21,46.922,0,42,7,2,0
272,80744.08,81010.56,266.48,838.031,74.225,14.817,47,0,2,0,196,77,17,45.869,0,31,10,6,0
273,81010.56,81287.48,276.92,817.578,86.969,20.926,47,0,2,0,196,73,17,35.041,0,31,13,3,0
274,81287.48,81627.40,339.92,965.359,120.740,23.209,53,0,3,0,211,80,23,49.178,0,34,12,8,0
275,81627.40,81923.48,296.08,1024.656,71.137,12.675,54,0,3,0,235,81,24,47.523,0,37,11,6,0
276,81923.48,82199.48,276.00,886.438,71.439,13.638,50,0,2,0,199,82,20,44.365,0,36,10,4,0
277,82199.48,82507.02,307.54,844.141,90.453,22.852,49,0,3,0,196,78,19,43.012,0,27,18,4,0
278,82507.02,82788.54,281.52,706.156,65.434,6.607,44,0,2,0,159,72,14,38.801,0,26,16,2,0
279,82788.54,83070.56,282.02,710.828,60.451,10.625,43,0,2,0,167,78,13,41.057,0,32,9,2,0
280,83070.56,83395.46,324.90,1165.188,81.686,16.759,58,0,3,0,249,100,28,56.396,0,40,9,9,0
281,83395.46,83716.74,321.28,755.391,83.807,21.283,47,0,3,0,185,71,17,40.154,0,27,15,5,0
282,83716.74,83899.16,182.42,541.234,81.949,20.860,39,0,1,0,131,60,9,27.672,0,21,15,3,0
283,83899.16,84201.94,302.78,878.328,76.387,16.635,48,0,2,0,209,83,18,47.223,0,33,7,8,0
284,84201.94,84488.38,286.44,877.250,74.662,16.004,50,0,3,0,204,77,20,40.455,0,35,8,7,0
285,84488.38,84748.24,259.86,944.453,61.748,11.820,49,0,2,0,217,88,19,53.088,0,34,10,5,0
286,84748.24,85074.86,326.62,690.500,87.586,23.226,44,0,3,0,169,71,14,44.215,0,25,14,5,0
287,85074.86,85465.86,391.00,1084.625,71.945,13.331,55,0,4,0,258,96,25,58.201,0,41,9,5,0
288,85465.86,85746.66,280.80,817.234,88.508,27.691,48,0,2,0,190,70,18,44.816,0,33,11,4,0
289,85746.66,85995.94,249.28,584.875,68.646,12.650,41,0,2,0,144,60,11,34.891,0,23,18,0,0
290,85995.94,86351.18,355.24,1099.125,80.430,16.593,56,0,3,0,246,96,26,50.832,0,41,10,5,0
291,86351.18,86698.28,347.10,1194.750,92.959,29.376,58,0,3,0,258,105,28,60.307,0,45,11,2,0
292,86698.28,87122.50,424.22,1210.969,93.338,16.942,61,0,4,0,253,101,31,57.600,0,43,14,4,0
293,87122.50,87407.90,285.40,932.766,78.182,20.287,51,0,2,0,212,81,21,46.020,0,35,12,4,0
294,87407.90,87680.58,272.68,765.641,98.465,35.818,45,0,2,0,177,77,15,39.703,0,29,11,5,0
295,87680.58,87968.64,288.06,718.031,75.701,22.611,44,0,3,0,179,70,14,33.838,0,31,10,3,0
296,87968.64,88280.56,311.92,822.063,83.180,22.852,48,0,3,0,199,73,18,39.402,0,33,10,5,0
297,88280.56,88596.90,316.34,965.938,75.268,17.656,50,0,3,0,217,89,20,47.223,0,35,10,6,0
298,88596.90,88892.76,295.86,1048.375,69.318,16.328,51,0,2,0,238,93,21,52.336,0,41,5,5,0
299,88892.76,89177.66,284.90,750.125,66.852,11.671,45,0,2,0,179,79,15,39.102,0,33,12,0,0
300,89177.66,89459.78,282.12,565.375,61.102,20.420,38,0,2,0,146,66,8,32.785,0,27,10,1,0
301,89459.78,89677.40,217.62,526.438,59.719,12.410,37,0,1,0,134,60,7,35.492,0,23,13,1,0
302,89677.40,89959.06,281.66,838.875,87.779,18.494,49,0,2,0,186,69,19,45.418,0,25,19,5,0
303,89959.06,90268.54,309.48,679.156,82.469,18.087,43,0,3,0,172,66,13,32.635,0,28,9,7,0
304,90268.54,90591.08,322.54,1064.000,68.604,12.850,54,0,3,0,240,87,24,53.238,0,41,5,8,0
305,90591.08,90918.86,327.78,832.906,85.461,29.816,47,0,3,0,190,77,17,44.666,0,38,7,2,0
306,90918.86,91156.94,238.08,618.469,51.070,9.853,40,0,2,0,160,65,10,33.537,0,31,5,4,0
307,91156.94,91421.96,265.02,951.281,73.787,24.778,50,0,2,0,210,86,20,45.869,0,39,8,3,0
308,91421.96,91734.58,312.62,911.375,70.027,15.481,50,0,3,0,193,84,20,46.621,0,34,13,3,0
309,91734.58,92009.12,274.54,777.781,80.217,13.804,46,0,2,0,177,78,16,37.748,0,28,14,4,0
310,92009.12,92270.20,261.08,771.438,61.820,10.633,46,0,2,0,175,70,16,38.500,0,31,14,1,0
311,92270.20,92526.32,256.12,621.406,70.158,17.598,41,0,2,0,152,67,11,28.123,0,25,12,4,0
312,92526.32,92862.52,336.20,1176.594,87.264,15.688,58,0,3,0,260,94,28,59.104,0,41,7,10,0
313,92862.52,93145.18,282.66,1006.813,76.617,21.648,51,0,2,0,215,85,21,49.328,0,36,10,5,0
314,93145.18,93498.80,353.62,878.500,89.613,10.310,50,0,3,0,198,76,20,45.719,0,29,13,8,0
315,93498.80,93837.62,338.82,858.125,70.822,19.075,47,0,3,0,199,81,17,43.613,0,36,7,4,0
316,93837.62,94117.28,279.66,792.156,77.123,14.775,46,0,2,0,183,79,16,40.154,0,31,13,2,0
317,94117.28,94436.56,319.28,1020.719,73.283,12.758,53,0,3,0,225,87,23,44.967,0,42,7,4,0
318,94436.56,94621.30,184.74,620.781,65.463,13.796,39,0,1,0,155,66,9,35.943,0,30,6,3,0
319,94621.30,94942.72,321.42,990.781,70.250,19.092,52,0,3,0,218,83,22,57.299,0,38,10,4,0
320,94942.72,95139.28,196.56,565.031,41.963,13.240,37,0,1,0,155,57,7,38.951,0,32,3,2,0
321,95139.28,95519.70,380.42,1192.906,81.623,10.874,59,0,4,0,247,106,29,57.299,0,36,15,8,0
322,95519.70,95869.56,349.86,1156.844,90.787,20.727,57,0,3,0,244,106,27,52.186,0,41,12,4,0
323,95869.56,96296.90,427.34,1139.344,75.537,12.202,57,0,4,0,254,99,27,52.787,0,39,10,8,0
324,96296.90,96537.02,240.12,589.656,72.789,11.281,42,0,2,0,150,54,12,35.643,0,17,17,8,0
325,96537.02,96821.04,284.02,930.875,72.125,7.720,50,0,2,0,213,82,20,47.223,0,35,11,4,0
326,96821.04,97121.16,300.12,745.406,68.754,23.583,45,0,3,0,179,68,15,36.244,0,35,6,4,0
327,97121.16,97395.54,274.38,569.281,68.617,12.501,41,0,2,0,142,61,11,32.635,0,17,18,6,0
328,97395.54,97607.20,211.66,391.469,75.508,18.046,35,0,2,0,106,47,5,20.002,0,14,20,1,0
329,97607.20,97972.74,365.54,1229.594,93.775,21.366,60,0,3,0,262,100,30,61.510,0,40,12,9,0
330,97972.74,98360.40,387.66,1081.625,93.320,24.761,55,0,4,0,253,90,25,50.832,0,39,11,5,0
331,98360.40,98700.90,340.50,1198.906,84.865,17.232,58,0,3,0,250,105,28,59.104,0,46,10,2,0
332,98700.90,99049.88,348.98,1370.250,99.941,18.561,63,0,3,0,263,115,33,69.180,0,40,19,4,0
333,99049.88,99321.82,271.94,872.938,61.789,12.617,49,0,2,0,198,77,19,44.215,0,36,6,7,0
334,99321.82,99597.44,275.62,661.875,57.160,15.755,42,0,2,0,175,61,12,31.281,0,32,5,5,0
335,99597.44,99877.60,280.16,581.313,68.145,19.598,40,0,2,0,145,59,10,35.492,0,21,17,2,0
336,99877.60,100198.58,320.98,1015.906,95.885,25.525,54,0,3,0,220,85,24,49.178,0,32,13,9,0
337,100198.58,100511.14,312.56,1130.875,84.342,17.249,55,0,3,0,244,101,25,64.668,0,40,7,8,0
338,100511.14,100914.64,403.50,1074.438,79.078,13.182,55,0,4,0,247,99,25,55.043,0,44,9,2,0
339,100914.64,101184.38,269.74,768.656,56.973,19.424,42,0,2,0,191,73,12,42.260,0,34,6,2,0
340,101184.38,101521.76,337.38,1001.438,75.594,15.564,52,0,3,0,221,89,22,46.020,0,37,14,1,0
341,101521.76,101797.54,275.78,725.406,59.736,15.240,43,0,2,0,177,72,13,34.740,0,29,11,3,0
342,101797.54,102145.34,347.80,923.063,73.016,13.381,50,0,3,0,203,90,20,48.727,0,37,12,1,0
343,102145.34,102363.60,218.26,592.688,77.229,21.657,40,0,2,0,140,71,10,33.086,0,27,12,1,0
344,102363.60,102643.82,280.22,642.250,84.584,32.141,41,0,2,0,160,67,11,35.191,0,27,13,1,0
345,102643.82,102968.20,324.38,1004.375,95.461,22.329,53,0,3,0,218,88,23,51.133,0,38,13,3,0
346,102968.20,103330.46,362.26,1227.188,71.412,15.415,59,0,3,0,254,108,29,60.457,0,47,9,3,0
347,103330.46,103693.44,362.98,1169.219,74.404,13.082,58,0,3,0,252,98,28,56.096,0,43,11,5,0
348,103693.44,103983.00,289.56,871.188,84.320,21.474,49,0,3,0,202,78,19,43.613,0,32,8,9,0
349,103983.00,104271.12,288.12,958.656,104.545,36.573,50,0,2,0,214,87,20,49.479,0,40,9,1,0
350,104271.12,104578.92,307.80,798.219,60.758,11.256,45,0,3,0,199,80,15,43.162,0,32,10,3,0
351,104578.92,104846.48,267.56,739.281,81.121,26.538,44,0,2,0,170,73,14,33.236,0,33,7,4,0
352,104846.48,105123.42,276.94,787.500,92.225,27.318,45,0,2,0,179,77,15,46.320,0,31,11,3,0
353,105123.42,105311.54,188.12,414.031,92.824,29.850,34,0,1,0,116,48,4,27.221,0,18,15,1,0
354,105311.54,105624.46,312.92,1133.594,79.521,13.124,56,0,3,0,235,95,26,59.104,0,37,13,6,0
355,105624.46,105909.66,285.20,931.188,71.830,12.775,49,0,2,0,203,86,19,45.719,0,38,9,3,0
356,105909.66,106272.96,363.30,1078.719,83.213,23.475,56,0,3,0,232,89,26,60.006,0,40,14,2,0
357,106272.96,106531.40,258.44,788.906,73.717,18.262,45,0,2,0,180,79,15,39.252,0,31,10,4,0
358,106531.40,106902.50,371.10,1366.969,94.234,24.720,63,0,3,0,295,110,33,67.225,0,46,7,10,0
359,106902.50,107187.38,284.88,921.844,68.506,16.344,49,0,2,0,211,85,19,47.373,0,35,10,4,0
360,107187.38,107487.42,300.04,1101.969,90.074,22.188,54,0,3,0,247,94,24,52.186,0,47,5,2,0
361,107487.42,107861.10,373.68,1028.719,77.986,11.057,54,0,3,0,222,95,24,49.178,0,33,15,6,0
362,107861.10,108195.36,334.26,1064.531,79.869,19.092,55,0,3,0,225,94,25,54.592,0,38,13,4,0
363,108195.36,108477.56,282.20,920.250,83.516,15.904,50,0,3,0,215,78,20,45.719,0,32,9,9,0
364,108477.56,108826.80,349.24,1073.938,78.566,26.762,53,0,3,0,239,97,23,50.531,0,42,11,0,0
365,108826.80,109077.20,250.40,590.594,73.277,17.282,41,0,2,0,135,59,11,36.244,0,19,20,3,0
366,109077.20,109384.36,307.16,1114.500,92.336,30.829,55,0,3,0,241,98,25,51.133,0,46,6,3,0
367,109384.36,109775.92,391.56,1351.938,119.023,40.641,64,0,4,0,265,112,34,67.676,0,42,18,4,0
368,109775.92,110141.76,365.84,1114.563,75.563,7.645,56,0,3,0,248,95,26,52.336,0,37,12,7,0
369,110141.76,110429.52,287.76,904.438,69.320,15.514,49,0,2,0,200,82,19,46.922,0,34,13,2,0
370,110429.52,110772.04,342.52,1090.344,88.764,18.976,54,0,3,0,241,98,24,54.291,0,40,10,4,0
371,110772.04,111047.48,275.44,823.938,64.211,10.708,47,0,2,0,190,77,17,42.108,0,31,11,5,0
372,111047.48,111309.48,262.00,656.969,64.939,16.709,42,0,2,0,159,68,12,32.936,0,29,10,3,0
373,111309.48,111575.08,265.60,1082.406,93.270,16.270,54,0,2,0,231,93,24,53.689,0,38,8,8,0
374,111575.08,111820.80,245.72,754.094,67.512,18.552,44,0,2,0,181,76,14,41.057,0,35,6,4,0
375,111820.80,112141.06,320.26,801.094,85.113,20.760,47,0,3,0,183,73,17,35.943,0,32,11,4,0
376,112141.06,112481.30,340.24,894.469,70.869,10.417,50,0,3,0,194,91,20,46.471,0,32,16,2,0
377,112481.30,112749.32,268.02,749.031,74.930,14.510,45,0,2,0,180,66,15,39.854,0,29,5,11,0
378,112749.32,113075.50,326.18,1038.813,72.695,15.464,54,0,3,0,206,97,24,54.441,0,41,12,1,0
379,113075.50,113334.98,259.48,603.875,89.455,23.674,41,0,2,0,143,63,11,35.191,0,18,17,6,0
380,113334.98,113603.08,268.10,541.469,95.691,20.520,39,0,2,0,128,53,9,34.439,0,13,24,2,0
381,113603.08,113898.56,295.48,731.875,74.365,11.704,45,0,2,0,175,74,15,38.801,0,24,14,7,0
382,113898.56,114232.30,333.74,979.281,73.002,14.402,51,0,3,0,222,85,21,47.072,0,33,13,5,0
383,114232.30,114511.12,278.82,986.438,83.422,15.622,52,0,2,0,183,88,22,55.043,0,30,22,0,0
384,114511.12,114783.88,272.76,662.156,53.861,14.120,41,0,2,0,162,72,11,33.537,0,26,14,1,0
385,114783.88,115074.18,290.30,999.594,111.459,41.230,53,0,3,0,221,82,23,49.779,0,34,11,8,0
386,115074.18,115413.86,339.68,1232.000,84.586,12.443,59,0,3,0,261,107,29,54.441,0,45,10,4,0
387,115413.86,115746.86,333.00,828.188,66.564,13.422,47,0,3,0,205,68,17,43.613,0,35,9,3,0
388,115746.86,116203.30,456.44,1186.406,72.695,17.681,58,0,5,0,243,108,28,63.014,0,44,13,1,0
389,116203.30,116585.76,382.46,859.188,77.676,27.783,48,0,4,0,202,81,18,43.613,0,36,11,1,0
390,116585.76,116940.16,354.40,1345.063,92.238,19.407,62,0,3,0,274,106,32,64.367,0,50,11,1,0
391,116940.16,117173.84,233.68,624.063,57.111,14.634,41,0,2,0,160,60,11,29.777,0,27,11,3,0
392,117173.84,117444.30,270.46,832.531,74.553,18.751,46,0,2,0,205,76,16,41.959,0,29,10,7,0
393,117444.30,117777.94,333.64,774.031,74.723,15.224,47,0,3,0,180,75,17,37.748,0,32,13,2,0
394,117777.94,118140.06,362.12,1169.719,92.584,24.213,58,0,3,0,262,90,28,56.396,0,44,8,7,0
395,118140.06,118485.22,345.16,1276.656,78.650,12.659,60,0,3,0,272,104,30,66.924,0,44,10,6,0
396,118485.22,118826.18,340.96,1129.344,76.775,19.241,55,0,3,0,265,93,25,54.291,0,44,6,5,0
397,118826.18,119098.56,272.38,789.813,105.711,33.867,46,0,2,0,187,75,16,41.809,0,28,14,4,0
398,119098.56,119458.12,359.56,1013.813,77.385,23.475,53,0,3,0,224,92,23,53.238,0,42,9,2,0
399,119458.12,119799.44,341.32,1353.375,102.072,19.158,61,0,3,0,280,115,31,65.871,0,47,10,4,0
400,119799.44,120156.70,357.26,1203.906,72.246,14.252,57,0,3,0,267,110,27,57.600,0,48,4,5,0
401,120156.70,120519.02,362.32,1091.313,75.889,19.250,55,0,3,0,243,100,25,51.734,0,43,8,4,0
402,120519.02,120728.04,209.02,597.594,94.486,10.675,41,0,1,0,144,65,11,28.123,0,21,14,6,0
403,120728.04,120985.06,257.02,815.688,81.033,16.959,47,0,2,0,186,76,17,41.207,0,31,10,6,0
404,120985.06,121325.22,340.16,1261.594,88.133,21.175,60,0,3,0,255,102,30,62.111,0,43,12,6,0
405,121325.22,121536.48,211.26,559.563,61.443,10.119,39,0,2,0,142,56,9,36.395,0,19,18,2,0
406,121536.48,121883.64,347.16,1313.875,101.672,27.434,62,0,3,0,255,108,32,63.164,0,42,16,4,0
407,121883.64,122149.02,265.38,841.875,63.063,16.278,48,0,2,0,184,67,18,44.215,0,36,10,2,0
408,122149.02,122463.62,314.60,828.656,63.285,15.415,46,0,3,0,196,77,16,44.967,0,32,11,3,0
409,122463.62,122755.74,292.12,743.781,71.693,13.622,44,0,2,0,178,67,14,42.561,0,29,14,1,0
410,122755.74,123028.38,272.64,714.094,67.508,19.391,43,0,2,0,165,74,13,40.455,0,31,10,2,0
411,123028.38,123338.18,309.80,969.688,73.547,10.144,52,0,2,0,225,78,22,41.207,0,41,8,3,0
412,123338.18,123605.74,267.56,781.156,66.389,6.840,47,0,3,0,180,71,17,41.057,0,29,14,4,0
413,123605.74,123953.08,347.34,993.656,79.330,13.456,53,0,3,0,219,91,23,49.479,0,40,10,3,0
414,123953.08,124207.98,254.90,503.094,46.131,10.932,36,0,2,0,145,60,6,24.514,0,28,6,2,0
415,124207.98,124537.46,329.48,1049.406,85.951,18.959,55,0,3,0,221,93,25,51.283,0,40,9,6,0
416,124537.46,124899.26,361.80,1095.625,73.947,15.431,56,0,3,0,225,92,26,55.344,0,42,11,3,0
417,124899.26,125326.60,427.34,1147.156,91.480,14.709,58,0,4,0,246,102,28,58.803,0,41,14,3,0
418,125326.60,125645.08,318.48,1244.938,84.564,12.916,59,0,3,0,259,106,29,59.254,0,41,12,6,0
419,125645.08,125996.16,351.08,1431.469,91.332,24.313,63,0,3,0,288,125,33,69.932,0,56,7,0,0
420,125996.16,126335.92,339.76,1128.938,87.543,22.694,57,0,3,0,234,94,27,52.637,0,42,12,4,0
421,126335.92,126681.64,345.72,961.094,85.813,15.398,51,0,3,0,212,90,21,47.072,0,33,14,4,0
422,126681.64,126933.96,252.32,615.531,65.236,16.112,40,0,2,0,155,70,10,27.822,0,28,10,2,0
423,126933.96,127347.28,413.32,1142.750,88.561,21.707,57,0,4,0,239,107,27,55.344,0,37,15,5,0
424,127347.28,127625.52,278.24,945.219,80.447,25.442,50,0,2,0,218,86,20,44.967,0,35,11,4,0
425,127625.52,127879.18,253.66,549.531,69.553,20.287,39,0,2,0,133,60,9,37.146,0,18,18,3,0
426,127879.18,128208.60,329.42,1187.406,70.766,15.448,57,0,3,0,250,92,27,53.689,0,44,10,3,0
427,128208.60,128504.00,295.40,929.250,65.430,8.641,50,0,3,0,221,78,20,49.629,0,37,4,9,0
428,128504.00,128775.56,271.56,810.344,73.051,20.445,48,0,3,0,191,75,18,38.049,0,31,9,8,0
429,128775.56,129178.10,402.54,1173.781,63.863,10.260,58,0,4,0,245,105,28,62.713,0,47,11,0,0
430,129178.10,129469.10,291.00,1011.250,45.395,12.800,51,0,2,0,228,91,21,45.719,0,42,5,4,0
431,129469.10,129735.12,266.02,590.906,74.199,16.460,42,0,2,0,138,54,12,28.123,0,18,19,5,0
432,129735.12,130058.54,323.42,1154.438,68.574,21.325,56,0,3,0,236,108,26,64.367,0,39,15,2,0
433,130058.54,130388.46,329.92,1080.031,65.629,13.306,55,0,3,0,206,100,25,60.908,0,33,21,1,0
434,130388.46,130715.26,326.80,764.875,54.457,17.996,44,0,3,0,186,81,14,39.102,0,32,8,4,0
435,130715.26,130962.44,247.18,754.500,50.570,18.610,44,0,2,0,177,67,14,45.117,0,33,8,3,0
436,130962.44,131334.86,372.42,1169.719,61.863,10.368,58,0,4,0,249,103,28,55.494,0,41,10,7,0
437,131334.86,131657.10,322.24,797.438,50.305,14.667,47,0,3,0,187,77,17,39.102,0,28,13,6,0
438,131657.10,131913.56,256.46,857.625,53.520,14.991,48,0,2,0,197,79,18,41.809,0,34,9,5,0
439,131913.56,132171.08,257.52,508.219,34.449,7.902,37,0,2,0,140,53,7,24.514,0,29,6,2,0
440,132171.08,132523.12,352.04,919.344,57.105,14.443,50,0,4,0,207,90,20,42.260,0,37,9,4,0
441,132523.12,132790.22,267.10,937.625,60.664,24.579,50,0,2,0,199,87,20,43.613,0,36,12,2,0
442,132790.22,133060.42,270.20,840.125,43.414,13.605,47,0,2,0,191,80,17,43.313,0,34,9,4,0
443,133060.42,133426.34,365.92,1033.438,79.020,20.993,54,0,4,0,226,92,24,53.840,0,36,14,4,0
444,133426.34,133697.72,271.38,591.469,41.961,14.070,40,0,2,0,150,59,10,31.432,0,27,12,1,0
445,133697.72,133964.40,266.68,676.781,48.738,11.820,45,0,2,0,156,63,15,35.342,0,20,20,5,0
446,133964.40,134264.08,299.68,1023.344,69.340,10.658,52,0,3,0,224,92,22,53.689,0,38,13,1,0
447,134264.08,134546.26,282.18,586.000,51.336,9.704,42,0,3,0,134,54,12,36.695,0,11,25,6,0
448,134546.26,134834.24,287.98,1057.250,70.789,22.719,55,0,2,0,214,87,25,50.832,0,34,16,6,0
449,134834.24,135150.36,316.12,957.906,53.828,10.119,52,0,3,0,220,88,22,46.471,0,34,9,9,0
450,135150.36,135492.06,341.70,1085.844,62.109,19.714,54,0,3,0,240,96,24,55.795,0,43,8,4,0
451,135492.06,135762.58,270.52,836.156,42.477,13.671,47,0,2,0,190,76,17,43.463,0,39,5,3,0
452,135762.58,136039.70,277.12,994.063,83.000,21.665,52,0,2,0,202,85,22,46.621,0,34,14,4,0
453,136039.70,136349.82,310.12,883.063,63.094,18.469,48,0,3,0,204,87,18,43.012,0,38,8,2,0
454,136349.82,136658.56,308.74,641.844,70.738,29.161,42,0,3,0,157,66,12,31.131,0,25,10,7,0
455,136658.56,136939.26,280.70,580.000,50.465,20.104,40,0,2,0,147,61,10,29.176,0,28,10,2,0
456,136939.26,137257.76,318.50,819.000,45.984,13.945,47,0,3,0,195,74,17,46.320,0,33,8,6,0
457,137257.76,137535.60,277.84,952.781,57.387,17.506,48,0,2,0,228,90,18,47.674,0,40,5,3,0
458,137535.60,137811.74,276.14,541.438,62.695,19.714,38,0,2,0,140,60,8,33.387,0,21,15,2,0
459,137811.74,138072.94,261.20,689.094,45.633,9.903,42,0,2,0,171,67,12,35.342,0,31,8,3,0
460,138072.94,138353.58,280.64,709.938,39.813,7.653,43,0,2,0,176,64,13,39.703,0,30,8,5,0
461,138353.58,138737.76,384.18,1423.656,68.141,17.780,66,0,4,0,297,116,36,67.525,0,50,13,3,0
462,138737.76,139168.04,430.28,1182.000,118.898,63.526,60,0,4,0,244,100,30,57.148,0,44,15,1,0
463,139168.04,139463.32,295.28,1010.188,97.121,24.238,53,0,3,0,207,98,23,49.629,0,31,18,4,0
464,139463.32,139791.70,328.38,1092.844,96.602,28.530,55,0,3,0,225,100,25,54.291,0,40,14,1,0
465,139791.70,140150.68,358.98,1232.250,87.922,34.764,59,0,3,0,255,108,29,62.863,0,43,12,4,0
466,140150.68,140416.62,265.94,658.719,54.168,9.944,43,0,2,0,147,69,13,31.131,0,26,15,2,0
467,140416.62,140665.28,248.66,706.469,49.094,9.123,44,0,2,0,161,69,14,40.154,0,23,21,0,0
468,140665.28,140941.88,276.60,499.563,43.188,17.855,36,0,2,0,143,56,6,31.281,0,25,8,3,0
469,140941.88,141205.84,263.96,704.063,50.488,14.609,43,0,2,0,175,71,13,35.492,0,29,7,7,0
470,141205.84,141526.50,320.66,963.156,56.027,10.965,50,0,3,0,216,84,20,50.381,0,35,11,5,0
471,141526.50,141761.40,234.90,597.563,47.789,14.958,40,0,2,0,149,65,10,30.379,0,26,12,2,0
472,141761.40,142029.72,268.32,676.313,49.402,12.103,43,0,2,0,163,67,13,34.891,0,30,8,5,0
473,142029.72,142396.38,366.66,1078.781,62.414,15.842,55,0,3,0,240,93,25,51.584,0,40,13,2,0
474,142396.38,142676.72,280.34,810.656,83.668,12.850,47,0,2,0,188,78,17,40.154,0,34,10,3,0
475,142676.72,142950.98,274.26,899.531,56.297,16.846,48,0,2,0,211,85,18,44.365,0,39,7,2,0
476,142950.98,143155.98,205.00,677.625,43.512,15.525,41,0,1,0,165,69,11,37.898,0,29,9,3,0
477,143155.98,143480.90,324.92,876.563,63.066,24.878,50,0,3,0,199,80,20,44.516,0,32,11,7,0
478,143480.90,143808.48,327.58,536.344,74.480,13.575,40,0,4,0,134,59,10,28.725,0,20,17,3,0
479,143808.48,144077.72,269.24,630.063,54.141,21.006,41,0,2,0,158,64,11,34.590,0,27,11,3,0
480,144077.72,144430.50,352.78,884.375,62.402,15.848,48,0,3,0,204,88,18,46.020,0,37,9,2,0
481,144430.50,144774.38,343.88,1088.688,49.480,9.328,54,0,3,0,233,103,24,55.645,0,40,10,4,0
482,144774.38,145105.22,330.84,1290.344,70.730,14.059,59,0,3,0,265,109,29,65.119,0,46,10,4,0
483,145105.22,145391.82,286.60,896.031,47.762,10.486,47,0,2,0,204,89,17,44.365,0,39,7,1,0
484,145391.82,145780.64,388.82,1239.688,74.980,19.655,57,0,4,0,261,114,27,64.066,0,44,9,4,0
485,145780.64,145994.94,214.30,574.375,55.738,21.836,39,0,2,0,144,63,9,32.785,0,22,15,2,0
486,145994.94,146415.34,420.40,1346.719,77.039,19.960,65,0,4,0,276,104,35,67.225,0,42,14,9,0
487,146415.34,146727.58,312.24,841.656,86.484,23.103,49,0,3,0,195,76,19,46.471,0,27,18,4,0
488,146727.58,146998.52,270.94,621.750,40.629,8.854,40,0,2,0,166,62,10,31.281,0,27,10,3,0
489,146998.52,147268.14,269.62,857.313,66.750,12.917,48,0,2,0,194,80,18,41.508,0,32,10,6,0
490,147268.14,147524.98,256.84,765.625,50.691,9.557,45,0,2,0,183,67,15,41.809,0,30,9,6,0
491,147524.98,147758.86,233.88,733.281,58.766,13.149,45,0,2,0,174,65,15,36.545,0,28,11,6,0
492,147758.86,148003.56,244.70,779.219,57.770,13.685,45,0,2,0,179,81,15,37.748,0,33,10,2,0
493,148003.56,148368.52,364.96,1383.969,68.289,21.053,64,0,3,0,278,117,34,64.217,0,43,17,4,0
494,148368.52,148789.62,421.10,1343.656,68.680,18.021,64,0,4,0,278,111,34,66.924,0,42,15,7,0
495,148789.62,149061.88,272.26,952.125,60.086,24.979,50,0,2,0,214,80,20,51.133,0,36,9,5,0
496,149061.88,149406.50,344.62,1189.813,59.754,12.944,58,0,3,0,257,100,28,56.547,0,41,8,9,0
497,149406.50,149731.98,325.48,1104.844,67.203,12.448,56,0,3,0,243,91,26,52.787,0,38,7,11,0
498,149731.98,150032.06,300.08,863.688,52.801,14.652,48,0,3,0,191,86,18,46.020,0,33,13,2,0
499,150032.06,150395.26,363.20,1233.656,61.871,15.177,59,0,4,0,269,100,29,60.607,0,41,6,12,0
500,150395.26,150686.36,291.10,712.594,52.039,7.271,46,0,3,0,161,72,16,36.244,0,21,17,8,0
501,150686.36,150981.04,294.68,984.875,54.211,14.463,52,0,3,0,223,80,22,50.531,0,40,8,4,0
502,150981.04,151312.72,331.68,1072.969,56.871,15.448,54,0,3,0,210,98,24,50.682,0,37,16,1,0
503,151312.72,151587.62,274.90,646.063,52.379,15.675,42,0,3,0,152,63,12,36.395,0,22,18,2,0
504,151587.62,151917.18,329.56,889.688,65.473,18.020,49,0,3,0,194,88,19,50.832,0,33,15,1,0
505,151917.18,152197.50,280.32,1056.688,58.906,19.477,54,0,2,0,212,96,24,56.848,0,38,13,3,0
506,152197.50,152512.46,314.96,790.000,65.500,25.732,45,0,3,0,183,73,15,43.012,0,28,13,5,0
507,152512.46,152797.66,285.20,819.438,53.996,18.617,46,0,2,0,193,81,16,40.906,0,36,8,2,0
508,152797.66,153080.26,282.60,607.250,50.223,15.464,41,0,2,0,151,62,11,31.883,0,24,11,6,0
509,153080.26,153366.28,286.02,914.906,40.164,7.920,49,0,2,0,213,77,19,49.479,0,35,10,4,0
510,153366.28,153791.54,425.26,1488.656,86.020,20.133,69,0,4,0,281,117,39,72.639,0,42,23,4,0
511,153791.54,154096.10,304.56,795.406,50.063,11.653,46,0,2,0,193,75,16,41.357,0,33,11,2,0
512,154096.10,154387.50,291.40,775.250,56.355,24.362,46,0,3,0,183,72,16,39.703,0,30,8,8,0
513,154387.50,154673.12,285.62,1162.000,63.496,20.641,55,0,2,0,239,99,25,59.855,0,44,7,4,0
514,154673.12,155009.52,336.40,983.031,66.633,15.273,52,0,3,0,205,91,22,50.080,0,32,15,5,0
515,155009.52,155302.54,293.02,832.438,67.105,28.215,47,0,2,0,200,81,17,44.215,0,32,11,4,0
516,155302.54,155660.26,357.72,879.250,75.203,33.844,49,0,3,0,223,74,19,40.906,0,36,9,4,0
517,155660.26,156027.06,366.80,1106.500,65.680,21.443,56,0,3,0,241,94,26,55.043,0,40,12,4,0
518,156027.06,156368.16,341.10,1096.219,146.598,79.410,56,0,3,0,252,88,26,51.283,0,45,8,3,0
519,156368.16,156632.28,264.12,655.656,47.871,11.971,43,0,2,0,159,61,13,31.131,0,25,17,2,0
520,156632.28,156898.72,266.44,983.844,57.754,16.978,52,0,2,0,224,81,22,46.771,0,35,9,8,0
521,156898.72,157201.52,302.80,886.031,47.555,14.845,48,0,3,0,206,80,18,43.463,0,39,5,4,0
522,157201.52,157558.12,356.60,1019.344,65.738,25.660,53,0,3,0,232,83,23,47.674,0,40,10,3,0
523,157558.12,157853.30,295.18,913.719,66.297,9.786,50,0,2,0,205,80,20,43.463,0,39,9,2,0
524,157853.30,158133.46,280.16,767.625,45.727,13.302,43,0,2,0,180,77,13,43.613,0,35,8,0,0
525,158133.46,158356.70,223.24,526.031,75.797,21.269,39,0,2,0,123,58,9,31.432,0,17,21,1,0
526,158356.70,158732.10,375.40,1005.594,61.961,12.593,53,0,3,0,218,101,23,46.771,0,38,11,4,0
527,158732.10,159131.22,399.12,1375.000,78.613,26.980,62,0,4,0,282,128,32,72.488,0,45,11,6,0
528,159131.22,159466.72,335.50,1349.250,85.574,21.812,62,0,3,0,269,113,32,68.578,0,47,9,6,0
529,159466.72,159713.34,246.62,449.281,73.520,29.296,36,0,2,0,121,49,6,28.424,0,15,20,1,0
530,159713.34,159995.00,281.66,892.750,69.105,13.075,49,0,2,0,197,84,19,49.328,0,33,14,2,0
531,159995.00,160254.60,259.60,691.625,77.605,25.548,45,0,3,0,155,66,15,37.297,0,17,24,4,0
532,160254.60,160581.94,327.34,909.281,65.430,18.229,48,0,3,0,209,83,18,45.268,0,36,9,3,0
533,160581.94,160867.58,285.64,851.469,54.293,11.468,48,0,2,0,174,84,18,46.471,0,26,21,1,0
534,160867.58,161161.52,293.94,955.344,61.875,14.522,51,0,2,0,208,81,21,43.764,0,36,13,2,0
535,161161.52,161358.90,197.38,574.938,65.688,20.665,40,0,1,0,132,54,10,34.891,0,16,21,3,0
536,161358.90,161639.86,280.96,874.000,53.410,17.030,49,0,2,0,204,77,19,39.402,0,36,8,5,0
537,161639.86,161937.70,297.84,829.156,66.422,21.922,48,0,3,0,185,78,18,42.260,0,36,8,4,0
538,161937.70,162217.52,279.82,900.125,82.645,33.671,48,0,3,0,198,88,18,46.922,0,32,13,3,0
539,162217.52,162543.74,326.22,649.969,50.480,13.905,42,0,3,0,172,60,12,32.635,0,32,6,4,0
540,162543.74,162814.88,271.14,805.813,50.941,14.391,46,0,2,0,190,76,16,40.906,0,34,12,0,0
541,162814.88,163120.28,305.40,688.594,60.207,16.650,45,0,3,0,156,65,15,38.350,0,21,22,2,0
542,163120.28,163381.84,261.56,690.469,52.598,17.878,43,0,2,0,181,58,13,35.041,0,32,6,5,0
543,163381.84,163629.78,247.94,808.156,56.922,19.259,47,0,2,0,186,72,17,45.869,0,31,10,6,0
544,163629.78,163935.26,305.48,837.781,48.637,14.489,46,0,3,0,206,83,16,33.236,0,40,4,2,0
545,163935.26,164210.44,275.18,1057.719,69.371,17.307,54,0,2,0,230,90,24,52.186,0,38,12,4,0
546,164210.44,164478.62,268.18,962.719,52.207,15.668,51,0,2,0,215,83,21,47.373,0,40,9,2,0
547,164478.62,164761.42,282.80,765.813,55.895,12.442,44,0,2,0,182,80,14,40.004,0,32,9,3,0
548,164761.42,165051.22,289.80,884.656,45.395,14.134,48,0,2,0,209,78,18,43.764,0,40,2,6,0
549,165051.22,165409.70,358.48,1038.719,56.852,13.558,53,0,4,0,233,94,23,46.771,0,40,10,3,0
550,165409.70,165743.48,333.78,1053.719,56.527,17.460,53,0,3,0,224,94,23,60.607,0,44,5,4,0
551,165743.48,166108.52,365.04,1073.438,69.691,31.111,53,0,3,0,234,97,23,52.637,0,42,9,2,0
552,166108.52,166464.50,355.98,945.969,47.984,10.069,52,0,3,0,212,81,22,51.584,0,32,12,8,0
553,166464.50,166795.26,330.76,795.531,92.863,37.389,48,0,3,0,188,64,18,39.854,0,32,8,8,0
554,166795.26,166990.62,195.36,612.906,56.402,14.035,41,0,1,0,138,59,11,35.342,0,21,18,2,0
555,166990.62,167256.04,265.42,673.125,53.766,13.952,44,0,2,0,151,65,14,38.801,0,22,21,1,0
556,167256.04,167609.94,353.90,979.625,66.801,21.380,52,0,3,0,228,89,22,50.230,0,42,5,5,0
557,167609.94,167799.40,189.46,333.625,44.098,12.358,32,0,1,0,96,41,2,26.168,0,11,21,0,0
558,167799.40,168047.84,248.44,525.406,56.926,19.571,37,0,2,0,142,59,7,31.432,0,23,10,4,0
559,168047.84,168322.28,274.44,726.938,59.574,18.632,45,0,2,0,165,71,15,41.508,0,29,14,2,0
560,168322.28,168594.68,272.40,747.500,59.789,18.277,44,0,2,0,174,77,14,46.020,0,27,15,2,0
561,168594.68,168954.14,359.46,1208.250,60.953,14.304,59,0,4,0,262,107,29,58.652,0,44,8,7,0
562,168954.14,169274.00,319.86,1107.719,61.879,15.597,54,0,3,0,234,104,24,56.998,0,42,11,2,0
563,169274.00,169566.48,292.48,880.844,51.047,11.320,49,0,3,0,202,85,19,44.365,0,34,11,4,0
564,169566.48,169887.76,321.28,1106.156,59.277,19.295,55,0,3,0,231,98,25,52.486,0,38,15,2,0
565,169887.76,170299.70,411.94,1256.344,109.656,37.057,61,0,4,0,279,96,31,60.307,0,46,6,9,0
566,170299.70,170638.84,339.14,1013.531,64.512,17.508,52,0,3,0,221,90,22,51.283,0,34,13,5,0
567,170638.84,170969.76,330.92,861.781,60.258,13.247,48,0,3,0,207,79,18,51.283,0,32,13,3,0
568,170969.76,171213.78,244.02,972.531,76.508,19.235,50,0,2,0,206,88,20,57.600,0,35,13,3,0
569,171213.78,171509.60,295.82,762.875,52.883,12.093,46,0,3,0,186,70,16,37.898,0,32,11,4,0
570,171509.60,171774.86,265.26,564.938,57.082,20.132,39,0,2,0,144,65,9,26.469,0,27,10,2,0
571,171774.86,172021.90,247.04,684.125,51.348,11.442,43,0,2,0,158,68,13,37.598,0,25,14,4,0
572,172021.90,172287.62,265.72,700.125,67.098,20.381,44,0,3,0,169,67,14,37.898,0,26,10,8,0
573,172287.62,172675.32,387.70,973.031,49.570,15.827,51,0,4,0,205,97,21,55.193,0,38,13,0,0
574,172675.32,173010.22,334.90,902.688,60.551,14.626,50,0,3,0,199,84,20,49.930,0,34,13,3,0
575,173010.22,173278.02,267.80,730.438,61.266,14.826,43,0,2,0,175,74,13,32.785,0,35,5,3,0
576,173278.02,173602.98,324.96,1044.906,71.156,20.792,53,0,3,0,218,87,23,55.494,0,36,13,4,0
577,173602.98,173901.70,298.72,923.094,64.949,21.016,50,0,3,0,205,78,20,49.779,0,33,9,8,0
578,173901.70,174265.14,363.44,901.844,51.809,17.058,50,0,3,0,208,85,20,44.666,0,32,14,4,0
579,174265.14,174530.44,265.30,560.781,63.480,14.785,40,0,2,0,139,59,10,32.033,0,22,14,4,0
580,174530.44,174804.00,273.56,1047.594,62.699,12.324,54,0,2,0,224,87,24,51.283,0,40,10,4,0
581,174804.00,175096.80,292.80,953.125,74.039,23.905,50,0,2,0,198,94,20,45.117,0,35,14,1,0
582,175096.80,175373.40,276.60,958.781,64.473,20.966,49,0,2,0,229,85,19,52.787,0,42,4,3,0
583,175373.40,175612.50,239.10,499.250,55.094,11.886,37,0,2,0,131,58,7,29.477,0,21,14,2,0
584,175612.50,175785.44,172.94,386.125,307.883,228.811,35,0,1,0,109,35,5,21.055,0,15,17,4,0
585,175785.44,176058.96,273.52,806.656,48.273,12.729,46,0,2,0,193,71,16,39.854,0,39,6,1,0
586,176058.96,176332.28,273.32,925.438,63.512,15.762,50,0,2,0,196,79,20,44.215,0,36,11,3,0
587,176332.28,176604.44,272.16,857.188,46.602,9.555,46,0,2,0,214,78,16,46.471,0,38,4,4,0
588,176604.44,176887.38,282.94,702.500,50.625,16.700,43,0,2,0,167,74,13,35.342,0,30,12,1,0
589,176887.38,177232.46,345.08,982.813,53.234,12.041,52,0,3,0,233,84,22,53.238,0,37,12,3,0
590,177232.46,177528.00,295.54,1028.813,76.996,18.917,54,0,3,0,227,87,24,50.230,0,39,7,8,0
591,177528.00,177775.20,247.20,683.625,72.891,11.567,43,0,2,0,158,65,13,41.508,0,29,11,3,0
592,177775.20,178046.50,271.30,720.500,66.797,15.504,44,0,2,0,168,74,14,38.199,0,31,11,2,0
593,178046.50,178328.32,281.82,802.313,58.543,20.019,47,0,2,0,180,72,17,41.809,0,30,16,1,0
594,178328.32,178563.48,235.16,615.000,50.637,19.692,41,0,2,0,148,68,11,32.635,0,26,11,4,0
595,178563.48,178926.80,363.32,1123.063,72.027,19.671,57,0,4,0,244,98,27,59.855,0,41,10,6,0
596,178926.80,179251.36,324.56,969.000,59.188,8.802,53,0,3,0,215,92,23,51.283,0,38,11,4,0
597,179251.36,179505.08,253.72,762.563,52.305,10.735,44,0,2,0,176,79,14,37.297,0,34,8,2,0
598,179505.08,179857.30,352.22,1085.875,65.652,16.876,54,0,3,0,230,105,24,53.990,0,39,14,1,0
599,179857.30,180148.68,291.38,717.375,48.055,9.930,43,0,2,0,175,75,13,32.785,0,33,9,1,0
600,180148.68,180445.10,296.42,824.375,57.656,13.978,48,0,3,0,200,79,18,38.801,0,34,10,4,0
601,180445.10,180757.22,312.12,803.500,74.465,23.917,46,0,3,0,189,76,16,44.516,0,34,10,2,0
602,180757.22,181086.64,329.42,714.500,46.770,10.209,45,0,3,0,167,74,15,37.146,0,27,13,5,0
603,181086.64,181447.34,360.70,883.188,67.313,9.472,51,0,3,0,217,78,21,47.373,0,32,12,7,0
604,181447.34,181719.22,271.88,966.688,83.180,26.368,50,0,2,0,207,90,20,51.584,0,38,10,2,0
605,181719.22,181984.46,265.24,629.688,43.895,17.208,42,0,2,0,154,64,12,29.928,0,28,9,5,0
606,181984.46,182330.16,345.70,877.375,53.770,12.529,50,0,3,0,198,82,20,44.816,0,32,14,4,0
607,182330.16,182613.80,283.64,770.750,43.340,12.080,45,0,2,0,184,76,15,37.146,0,33,12,0,0
608,182613.80,182848.32,234.52,802.500,48.727,8.638,46,0,2,0,177,72,16,43.313,0,31,12,3,0
609,182848.32,183131.60,283.28,777.875,47.203,14.710,45,0,2,0,185,78,15,41.658,0,35,9,1,0
610,183131.60,183402.24,270.64,908.313,58.000,14.236,51,0,2,0,198,75,21,41.959,0,36,11,4,0
611,183402.24,183748.82,346.58,1103.188,70.441,21.106,55,0,3,0,253,98,25,53.840,0,42,9,4,0
612,183748.82,184025.54,276.72,585.750,47.234,10.785,40,0,2,0,144,62,10,32.785,0,28,9,3,0
613,184025.54,184398.82,373.28,942.563,56.980,16.787,52,0,3,0,200,91,22,46.471,0,35,15,2,0
614,184398.82,184754.12,355.30,695.938,48.406,14.379,43,0,3,0,178,72,13,34.891,0,30,9,4,0
615,184754.12,184963.18,209.06,432.250,47.313,17.559,36,0,1,0,119,49,6,19.701,0,24,11,1,0
616,184963.18,185260.88,297.70,858.000,77.480,17.203,48,0,2,0,204,76,18,43.764,0,34,8,6,0
617,185260.88,185568.40,307.52,860.938,53.480,8.806,50,0,3,0,194,77,20,45.117,0,31,14,5,0
618,185568.40,185813.44,245.04,901.813,60.379,11.349,51,0,2,0,198,77,21,46.771,0,26,18,7,0
619,185813.44,186134.08,320.64,984.125,63.078,17.735,54,0,3,0,211,79,24,48.426,0,35,13,6,0
620,186134.08,186389.28,255.20,530.625,55.016,9.049,40,0,2,0,126,50,10,27.221,0,15,25,1,0
621,186389.28,186661.68,272.40,937.750,60.730,22.974,50,0,3,0,213,85,20,43.313,0,36,8,6,0
622,186661.68,186900.78,239.10,589.688,44.211,10.742,41,0,2,0,143,58,11,33.387,0,20,19,2,0
623,186900.78,187235.08,334.30,1041.688,63.027,22.226,53,0,3,0,231,94,23,56.547,0,41,6,6,0
624,187235.08,187516.84,281.76,917.188,60.656,16.754,49,0,2,0,222,81,19,47.824,0,37,8,4,0
625,187516.84,187821.82,304.98,1115.063,80.422,20.248,57,0,3,0,241,96,27,50.531,0,40,16,1,0
626,187821.82,188142.72,320.90,855.938,49.953,9.612,49,0,3,0,201,76,19,46.771,0,31,12,6,0
627,188142.72,188338.50,195.78,718.875,62.430,18.151,43,0,2,0,168,69,13,43.463,0,30,12,1,0
628,188338.50,188690.32,351.82,1176.563,71.645,18.445,59,0,3,0,245,96,29,61.510,0,41,11,7,0
629,188690.32,188987.64,297.32,911.688,49.547,15.785,49,0,2,0,206,81,19,43.613,0,39,6,4,0
630,188987.64,189213.82,226.18,598.563,53.156,15.083,41,0,2,0,145,61,11,37.598,0,23,14,4,0
631,189213.82,189491.14,277.32,790.938,68.402,16.998,47,0,2,0,188,69,17,42.410,0,26,11,10,0
632,189491.14,189821.94,330.80,754.938,56.637,10.580,47,0,3,0,173,67,17,37.297,0,24,17,6,0
633,189821.94,190096.78,274.84,971.875,63.121,26.031,51,0,2,0,216,91,21,48.275,0,37,9,5,0
634,190096.78,190380.90,284.12,1046.250,72.012,13.956,53,0,2,0,226,93,23,52.637,0,39,12,2,0
635,190380.90,190634.76,253.86,787.375,47.289,13.370,45,0,2,0,188,77,15,39.402,0,31,11,3,0
