episode,agentID,type,parents,generation,speed,sightRange,maxSize,maxLifetime,age,reasonOfDeath,lifetimeScore
0,-7662,Prey,-1,0,19.442,1.390,1.943,108.825,33.341,Starvation,-0.3005225
0,-7802,Prey,-1,0,16.932,1.388,1.730,105.560,33.341,Starvation,-0.3005225
0,-8082,Prey,-1,0,14.089,1.432,1.839,98.088,33.341,Starvation,-0.3005225
0,-8222,Prey,-1,0,18.208,0.954,1.556,100.396,33.341,Starvation,-0.2918301
0,-8362,Prey,-1,0,19.280,1.189,1.570,103.092,33.341,Starvation,-0.3005225
0,-8922,Prey,-1,0,17.178,1.351,2.318,106.484,33.341,Starvation,-0.8005225
0,-9062,Prey,-1,0,19.076,1.085,2.394,99.126,33.341,Starvation,0.983478
0,-9202,Prey,-1,0,11.321,1.174,1.522,97.855,33.341,Starvation,0.6180171
0,-9342,Prey,-1,0,10.908,1.301,2.236,106.174,33.341,Starvation,1.583478
0,-9762,Prey,-1,0,13.655,0.976,2.260,108.457,33.341,Starvation,-0.3005225
0,-10042,Prey,-1,0,19.898,1.141,1.590,92.454,33.341,Starvation,-7.300518
0,-10182,Prey,-1,0,16.212,1.267,1.939,109.681,33.341,Starvation,-0.3005225
0,-7514,Prey,-1,0,11.565,0.834,2.241,105.906,33.341,Starvation,-0.2985227
0,-9902,Prey,-1,0,13.820,1.395,2.086,96.394,46.481,Starvation,1.830909
0,-8502,Prey,-1,0,19.149,1.335,1.851,92.113,50.001,Dehydration,1.546451
0,-8642,Prey,-1,0,13.651,1.342,1.983,92.364,50.001,Dehydration,2.404549
0,-8782,Prey,-1,0,13.002,0.979,1.988,98.364,50.001,Dehydration,1.670366
0,-9482,Prey,-1,0,10.417,0.834,1.983,106.109,50.001,Dehydration,0.1695663
0,-9622,Prey,-1,0,15.969,0.977,1.668,97.693,50.001,Dehydration,1.300918
0,-7942,Prey,-1,0,15.250,1.123,2.368,96.119,66.301,Starvation,3.638198
1,-12916,Prey,-1,0,15.603,1.030,1.973,97.998,33.341,Starvation,0.6749218
1,-13056,Prey,-1,0,19.199,1.376,1.561,95.059,33.341,Starvation,-0.3005225
1,-14036,Prey,-1,0,12.217,1.169,2.257,106.870,33.341,Starvation,-0.3005225
1,-14176,Prey,-1,0,13.309,1.222,2.015,91.015,33.341,Starvation,-0.3005225
1,-14456,Prey,-1,0,13.284,1.207,2.184,91.145,33.341,Starvation,-0.3005225
1,-14736,Prey,-1,0,11.748,1.144,2.078,95.428,33.341,Starvation,-0.3005225
1,-14876,Prey,-1,0,14.996,0.899,2.047,91.888,33.341,Starvation,-5.300521
1,-15016,Prey,-1,0,10.477,1.202,2.081,102.075,33.341,Starvation,-0.3005225
1,-15296,Prey,-1,0,15.156,0.874,1.661,103.003,33.341,Starvation,-0.8005226
1,-15436,Prey,-1,0,15.178,1.420,1.803,90.666,33.341,Starvation,-0.3005225
1,-13896,Prey,-1,0,12.844,1.352,1.943,90.542,44.521,Starvation,0.7311229
1,-13476,Prey,-1,0,12.586,1.011,2.308,100.445,46.481,Starvation,1.010012
1,-13196,Prey,-1,0,13.166,1.028,1.958,95.652,50.001,Dehydration,0.669715
1,-13336,Prey,-1,0,15.135,0.818,2.453,97.521,50.001,Dehydration,0.6802714
1,-13616,Prey,-1,0,18.466,1.469,2.440,103.262,50.001,Dehydration,3.78341
1,-15156,Prey,-1,0,12.132,1.313,1.776,103.867,50.001,Dehydration,-1.419548
1,-13756,Prey,-1,0,19.648,0.887,2.100,102.465,67.521,Dehydration,2.236715
1,-15576,Prey,-1,0,18.633,1.214,2.169,104.111,73.360,Starvation,6.278029
1,-14316,Prey,-1,0,14.058,1.315,1.679,98.482,83.698,Dehydration,5.942533
1,-14596,Prey,-1,0,18.052,1.141,2.464,105.514,105.514,Natural,2.931585
2,-18196,Prey,-1,0,10.807,1.454,2.085,103.704,33.341,Starvation,-0.3005225
2,-18336,Prey,-1,0,10.652,1.320,1.654,108.184,33.341,Starvation,-0.3005225
2,-18476,Prey,-1,0,12.955,0.871,1.993,92.265,33.341,Starvation,-2.800523
2,-18756,Prey,-1,0,17.298,1.108,2.051,94.678,33.341,Starvation,-0.3005225
2,-19036,Prey,-1,0,14.164,1.327,1.908,106.695,33.341,Starvation,-0.3005225
2,-19176,Prey,-1,0,13.278,0.962,2.335,109.394,33.341,Starvation,-0.3005225
2,-19316,Prey,-1,0,12.197,1.229,2.327,99.644,33.341,Starvation,-0.3005225
2,-19456,Prey,-1,0,19.095,1.158,1.513,97.075,33.341,Starvation,-0.3005225
2,-19736,Prey,-1,0,19.817,1.379,1.644,93.341,33.341,Starvation,-0.3005225
2,-20016,Prey,-1,0,14.188,1.256,1.649,96.011,33.341,Starvation,-0.3005225
2,-20296,Prey,-1,0,19.446,1.282,2.410,102.946,33.341,Starvation,-0.667189
2,-20436,Prey,-1,0,14.778,0.824,2.438,94.086,33.341,Starvation,-0.3005225
2,-20576,Prey,-1,0,17.780,0.830,1.733,90.946,33.341,Starvation,-1.800523
2,-20716,Prey,-1,0,11.624,1.445,2.371,98.004,33.341,Starvation,-3.300523
2,-19596,Prey,-1,0,11.087,1.016,1.754,92.633,46.361,Starvation,1.46705
2,-18616,Prey,-1,0,18.690,0.932,1.806,92.536,50.001,Dehydration,2.162801
2,-18896,Prey,-1,0,17.168,1.398,2.188,100.462,50.001,Dehydration,2.196839
2,-19876,Prey,-1,0,14.356,1.367,1.646,90.409,50.001,Dehydration,1.147927
2,-20156,Prey,-1,0,14.484,1.319,2.251,98.903,50.001,Dehydration,1.276576
2,-20856,Prey,-1,0,19.849,1.409,1.911,98.682,61.581,Starvation,3.277912
3,-23256,Prey,-1,0,10.401,1.320,1.518,101.117,33.341,Starvation,-0.3005225
3,-23396,Prey,-1,0,10.742,1.373,2.206,94.722,33.341,Starvation,-0.3005225
3,-23536,Prey,-1,0,16.513,1.475,1.987,99.584,33.341,Starvation,0.9577116
3,-23816,Prey,-1,0,13.934,1.194,2.087,95.382,33.341,Starvation,-0.3005225
3,-23956,Prey,-1,0,10.938,1.333,2.070,109.103,33.341,Starvation,-0.3004982
3,-24096,Prey,-1,0,15.256,0.893,1.907,94.155,33.341,Starvation,-0.3005225
3,-24516,Prey,-1,0,12.610,0.971,1.676,109.842,33.341,Starvation,-1.800523
3,-24796,Prey,-1,0,12.480,1.371,1.833,101.063,33.341,Starvation,-0.3005225
3,-25216,Prey,-1,0,15.273,1.306,1.924,109.208,33.341,Starvation,2.183478
3,-25496,Prey,-1,0,10.459,1.021,2.253,107.016,33.341,Starvation,-2.300519
3,-25916,Prey,-1,0,19.594,1.038,2.117,90.804,33.341,Starvation,-0.3005225
3,-23676,Prey,-1,0,15.387,0.834,2.355,99.216,35.341,Starvation,0.1870635
3,-24236,Prey,-1,0,14.662,1.054,1.532,107.341,35.341,Starvation,-0.3129369
3,-24656,Prey,-1,0,17.437,1.368,1.806,106.719,40.661,Starvation,-0.08002359
3,-25636,Prey,-1,0,16.199,1.309,2.264,100.876,49.961,Starvation,1.558072
3,-25076,Prey,-1,0,18.554,1.169,1.575,108.076,50.001,Dehydration,3.118609
3,-25356,Prey,-1,0,16.177,1.095,1.957,104.822,50.001,Dehydration,0.8141162
3,-24936,Prey,-1,0,15.227,1.490,2.380,92.121,55.601,Starvation,3.957757
3,-25776,Prey,-1,0,15.183,1.407,1.899,108.858,60.021,Starvation,2.118143
3,-24376,Prey,-1,0,16.575,1.414,2.125,108.215,81.298,Dehydration,5.430705
4,-28456,Prey,-1,0,10.535,1.090,2.356,106.208,33.341,Starvation,-0.3005225
4,-29156,Prey,-1,0,14.784,1.433,2.238,96.836,33.341,Starvation,1.272213
4,-29576,Prey,-1,0,17.327,1.089,1.534,95.608,33.341,Starvation,-0.3005225
4,-29856,Prey,-1,0,18.421,1.033,1.563,95.362,33.341,Starvation,-0.3005225
4,-29996,Prey,-1,0,14.034,1.369,1.921,96.879,33.341,Starvation,-0.3005225
4,-30136,Prey,-1,0,15.238,1.460,2.161,106.779,33.341,Starvation,-0.3005225
4,-30836,Prey,-1,0,16.038,1.045,2.028,99.747,33.341,Starvation,-5.300524
4,-30976,Prey,-1,0,12.598,1.245,1.979,92.721,33.341,Starvation,-0.3005225
4,-28876,Prey,-1,0,12.224,1.104,1.968,97.927,35.341,Starvation,0.1870635
4,-30556,Prey,-1,0,10.892,1.358,2.128,102.825,42.661,Starvation,0.4029655
4,-28316,Prey,-1,0,18.455,1.031,1.984,91.615,50.001,Dehydration,3.296129
4,-28596,Prey,-1,0,14.827,0.845,2.325,96.338,50.001,Dehydration,1.437433
4,-29016,Prey,-1,0,17.941,1.109,1.677,103.470,50.001,Dehydration,-2.353861
4,-29436,Prey,-1,0,11.040,0.832,2.025,98.752,50.001,Dehydration,1.149214
4,-30276,Prey,-1,0,12.152,1.460,1.822,96.427,50.001,Dehydration,-1.000856
4,-30416,Prey,-1,0,16.740,0.998,2.383,98.474,52.001,Dehydration,-7.54074
4,-29296,Prey,-1,0,15.841,0.915,2.226,99.903,66.461,Starvation,2.821472
4,-29716,Prey,-1,0,19.515,1.489,2.444,108.112,69.860,Starvation,5.893256
4,-28736,Prey,-1,0,17.528,1.403,2.035,100.535,89.457,Starvation,7.093379
4,-30696,Prey,-1,0,19.226,1.146,2.248,92.421,92.437,Natural,14.79577
5,-33596,Prey,-1,0,18.771,1.023,2.237,103.390,33.341,Starvation,0.3645976
5,-33876,Prey,-1,0,12.944,0.860,1.782,108.606,33.341,Starvation,0.01680398
5,-34296,Prey,-1,0,15.675,0.866,1.542,104.258,33.341,Starvation,-5.300514
5,-34436,Prey,-1,0,18.722,1.499,1.536,95.597,33.341,Starvation,2.182527
5,-34576,Prey,-1,0,10.102,0.843,2.149,109.470,33.341,Starvation,-0.3005225
5,-34716,Prey,-1,0,11.053,1.136,1.757,91.574,33.341,Starvation,-0.3005225
5,-35136,Prey,-1,0,19.708,1.274,2.367,98.581,33.341,Starvation,0.04799259
5,-35556,Prey,-1,0,18.552,1.473,2.189,94.881,33.341,Starvation,-0.3005225
5,-35696,Prey,-1,0,14.885,0.920,2.235,109.089,33.341,Starvation,1.279254
5,-35836,Prey,-1,0,13.884,0.866,2.412,97.082,33.341,Starvation,-1.300522
5,-35976,Prey,-1,0,18.460,1.053,2.198,105.517,33.341,Starvation,-4.800523
5,-36116,Prey,-1,0,11.013,1.148,1.596,98.783,33.341,Starvation,-0.3005225
5,-36256,Prey,-1,0,12.739,1.223,1.910,100.645,33.341,Starvation,-0.3005225
5,-33736,Prey,-1,0,12.118,1.449,1.907,98.379,35.341,Starvation,-0.8129368
5,-35416,Prey,-1,0,13.022,1.409,1.783,106.373,47.981,Starvation,0.04995835
5,-34156,Prey,-1,0,12.081,1.364,2.306,109.477,50.001,Dehydration,1.172446
5,-34856,Prey,-1,0,15.970,1.482,2.351,102.027,50.001,Dehydration,1.358425
5,-35276,Prey,-1,0,15.567,1.481,1.649,93.311,50.001,Dehydration,2.702512
5,-34996,Prey,-1,0,14.455,1.219,1.669,90.348,53.301,Starvation,1.134294
5,-34016,Prey,-1,0,13.126,1.344,2.362,94.410,83.058,Dehydration,3.621256
6,-38796,Prey,-1,0,14.835,1.282,1.994,105.860,33.341,Starvation,-0.6838557
6,-39076,Prey,-1,0,14.279,1.333,1.893,94.762,33.341,Starvation,-1.317189
6,-39356,Prey,-1,0,15.820,0.962,2.400,99.701,33.341,Starvation,-0.3005225
6,-39636,Prey,-1,0,11.586,1.423,2.107,90.962,33.341,Starvation,-0.3005225
6,-39916,Prey,-1,0,19.878,0.923,1.665,94.282,33.341,Starvation,-0.3005225
6,-40056,Prey,-1,0,14.023,0.897,2.480,101.954,33.341,Starvation,-0.3005225
6,-40196,Prey,-1,0,10.273,0.875,2.396,96.979,33.341,Starvation,-0.3005225
6,-40336,Prey,-1,0,12.655,1.429,2.339,102.605,33.341,Starvation,-0.3005225
6,-40756,Prey,-1,0,15.507,1.349,1.989,103.795,33.341,Starvation,-0.3005225
6,-41316,Prey,-1,0,16.009,1.014,2.305,94.832,33.341,Starvation,0.974627
6,-39776,Prey,-1,0,18.753,0.823,2.241,92.615,35.341,Starvation,2.052079
6,-40476,Prey,-1,0,12.834,1.200,1.664,107.340,35.341,Starvation,-0.3129367
6,-40896,Prey,-1,0,15.894,0.835,2.461,103.795,40.661,Starvation,0.9068209
6,-39216,Prey,-1,0,13.892,0.804,2.406,94.636,42.821,Starvation,1.400602
6,-41176,Prey,-1,0,18.074,0.895,2.027,96.997,48.801,Starvation,0.5680602
6,-40616,Prey,-1,0,10.015,1.487,2.008,92.996,49.781,Starvation,1.563421
6,-39496,Prey,-1,0,15.261,1.235,1.747,93.474,50.001,Dehydration,2.881542
6,-41036,Prey,-1,0,16.922,1.475,1.778,106.848,50.001,Dehydration,2.244064
6,-38656,Prey,-1,0,13.232,1.081,2.325,93.571,52.181,Starvation,2.728791
6,-38936,Prey,-1,0,14.650,1.240,2.267,106.721,59.481,Dehydration,2.28898
7,-43996,Prey,-1,0,16.544,1.372,2.203,108.987,33.341,Starvation,-0.3005225
7,-44136,Prey,-1,0,12.308,0.830,2.492,103.845,33.341,Starvation,-0.3005225
7,-44276,Prey,-1,0,12.248,1.449,2.050,105.866,33.341,Starvation,-0.3005225
7,-44416,Prey,-1,0,10.898,0.934,2.095,102.499,33.341,Starvation,-0.3005225
7,-44556,Prey,-1,0,10.393,1.198,1.514,94.774,33.341,Starvation,-0.3005225
7,-44696,Prey,-1,0,18.194,1.029,1.916,104.691,33.341,Starvation,0.6774508
7,-44836,Prey,-1,0,10.813,0.801,2.397,103.926,33.341,Starvation,-0.3005225
7,-44976,Prey,-1,0,10.817,1.280,1.873,107.134,33.341,Starvation,-0.3005225
7,-45116,Prey,-1,0,15.128,1.010,1.563,98.761,33.341,Starvation,-0.3005225
7,-45256,Prey,-1,0,19.525,1.076,1.746,98.730,33.341,Starvation,-0.3005225
7,-45816,Prey,-1,0,19.171,1.091,2.113,90.676,33.341,Starvation,-2.300519
7,-45956,Prey,-1,0,14.477,0.855,2.105,102.159,33.341,Starvation,-0.3005225
7,-46096,Prey,-1,0,19.994,0.824,1.635,91.055,33.341,Starvation,1.581418
7,-46236,Prey,-1,0,11.860,0.847,1.644,107.186,33.341,Starvation,-0.3005225
7,-43716,Prey,-1,0,10.942,1.349,1.793,104.719,50.001,Dehydration,1.695018
7,-43856,Prey,-1,0,11.569,1.443,1.564,95.559,50.001,Dehydration,1.174088
7,-45396,Prey,-1,0,16.487,0.862,2.301,90.047,50.001,Dehydration,1.657812
7,-45536,Prey,-1,0,11.863,0.903,1.762,95.303,50.001,Dehydration,1.202158
7,-45676,Prey,-1,0,18.784,1.062,1.827,100.869,50.001,Dehydration,3.981514
7,-46376,Prey,-1,0,18.795,1.294,2.238,107.217,99.295,Dehydration,8.768102
8,-48776,Prey,-1,0,11.499,1.270,1.907,102.639,33.341,Starvation,-2.800523
8,-49056,Prey,-1,0,18.760,1.338,1.774,93.856,33.341,Starvation,-0.3005225
8,-49196,Prey,-1,0,11.386,1.139,1.873,95.332,33.341,Starvation,-0.3005225
8,-49476,Prey,-1,0,16.720,1.287,2.400,107.040,33.341,Starvation,0.02552533
8,-49756,Prey,-1,0,11.897,0.879,2.316,106.643,33.341,Starvation,-0.3005225
8,-50176,Prey,-1,0,16.631,1.318,2.029,101.633,33.341,Starvation,-0.3005225
8,-50456,Prey,-1,0,19.258,1.299,1.760,108.327,33.341,Starvation,-0.3005225
8,-50876,Prey,-1,0,14.373,0.811,2.461,99.371,33.341,Starvation,-0.3005225
8,-51156,Prey,-1,0,17.972,0.875,1.933,108.091,33.341,Starvation,0.682428
8,-51436,Prey,-1,0,12.832,1.247,1.810,105.889,33.341,Starvation,-0.3005225
8,-49616,Prey,-1,0,11.490,1.482,2.005,94.112,40.661,Starvation,-0.0544979
8,-51016,Prey,-1,0,14.538,1.092,1.900,98.107,40.661,Starvation,0.4603232
8,-49336,Prey,-1,0,19.212,0.954,1.907,94.024,50.001,Dehydration,1.89592
8,-49896,Prey,-1,0,10.469,1.349,1.868,98.792,50.001,Dehydration,0.7828348
8,-51296,Prey,-1,0,17.072,1.421,2.187,101.907,50.001,Dehydration,1.221651
8,-48916,Prey,-1,0,16.544,1.078,2.008,93.103,52.001,Dehydration,4.832968
8,-50736,Prey,-1,0,19.940,0.944,2.224,101.294,62.041,Starvation,3.490625
8,-50316,Prey,-1,0,19.102,1.488,1.994,107.199,63.901,Starvation,5.529427
8,-50596,Prey,-1,0,16.040,1.024,2.397,95.489,64.281,Starvation,3.745181
8,-50036,Prey,-1,0,19.237,1.018,1.739,109.414,93.156,Dehydration,11.295
9,-54320,Prey,-1,0,15.602,1.266,1.646,107.296,33.341,Starvation,-0.3005225
9,-54460,Prey,-1,0,17.940,0.877,1.665,97.357,33.341,Starvation,2.183124
9,-54600,Prey,-1,0,19.442,1.099,2.479,98.043,33.341,Starvation,-1.800523
9,-54880,Prey,-1,0,11.170,1.030,1.800,108.194,33.341,Starvation,-0.3005225
9,-55020,Prey,-1,0,14.216,1.222,1.684,90.517,33.341,Starvation,-0.3005225
9,-55160,Prey,-1,0,19.239,0.944,1.503,107.630,33.341,Starvation,2.483478
9,-55440,Prey,-1,0,16.155,1.212,1.644,106.580,33.341,Starvation,-0.3005225
9,-56280,Prey,-1,0,13.993,0.990,2.340,106.137,33.341,Starvation,0.3264723
9,-56700,Prey,-1,0,15.472,1.038,1.641,90.460,33.341,Starvation,-0.3005225
9,-56840,Prey,-1,0,15.285,1.065,2.151,109.375,33.341,Starvation,-5.300521
9,-56000,Prey,-1,0,15.902,1.408,2.246,101.035,35.341,Starvation,0.1870635
9,-56560,Prey,-1,0,16.641,0.923,2.179,93.163,40.661,Starvation,2.032567
9,-55300,Prey,-1,0,15.260,1.228,1.826,98.546,46.541,Starvation,0.1424844
9,-54740,Prey,-1,0,14.699,1.171,1.865,98.287,50.001,Dehydration,2.947121
9,-55580,Prey,-1,0,19.830,0.849,1.890,97.266,50.001,Dehydration,3.651306
9,-56140,Prey,-1,0,10.925,0.962,1.573,91.895,50.001,Dehydration,1.076725
9,-56420,Prey,-1,0,10.094,1.426,2.061,102.149,50.001,Dehydration,1.966101
9,-56980,Prey,-1,0,13.407,0.886,2.390,99.252,52.001,Dehydration,1.928274
9,-55860,Prey,-1,0,11.264,0.856,1.965,90.461,63.241,Starvation,4.517319
9,-55720,Prey,-1,0,14.370,1.352,1.924,102.622,102.635,Natural,12.27275
10,-60220,Prey,-1,0,14.831,1.074,1.593,104.810,33.341,Starvation,-0.3005225
10,-60640,Prey,-1,0,16.338,0.829,1.550,105.867,33.341,Starvation,-0.3005225
10,-60780,Prey,-1,0,17.878,1.207,1.768,98.658,33.341,Starvation,-0.8005227
10,-60920,Prey,-1,0,17.035,1.201,2.199,106.463,33.341,Starvation,-0.3005225
10,-61060,Prey,-1,0,17.253,0.979,2.342,97.449,33.341,Starvation,-0.3005225
10,-61200,Prey,-1,0,17.131,1.296,2.196,95.290,33.341,Starvation,-0.3005225
10,-61340,Prey,-1,0,13.641,0.902,2.014,100.159,33.341,Starvation,-0.3005225
10,-61480,Prey,-1,0,14.403,0.939,1.649,102.632,33.341,Starvation,-0.3005225
10,-61620,Prey,-1,0,16.058,1.303,1.853,95.055,33.341,Starvation,-0.3005225
10,-61760,Prey,-1,0,14.234,1.053,2.333,101.235,33.341,Starvation,-0.3005225
10,-62040,Prey,-1,0,17.582,0.891,1.571,106.037,33.341,Starvation,-0.3005225
10,-59520,Prey,-1,0,17.392,0.855,1.880,108.739,43.161,Starvation,1.075158
10,-61900,Prey,-1,0,17.552,1.086,2.423,96.617,47.981,Starvation,0.2702013
10,-59380,Prey,-1,0,14.689,1.425,1.954,93.624,50.001,Dehydration,1.368239
10,-59660,Prey,-1,0,17.215,1.081,1.900,106.237,50.001,Dehydration,0.4287548
10,-59800,Prey,-1,0,10.667,1.058,2.067,90.166,50.001,Dehydration,2.845315
10,-60080,Prey,-1,0,11.443,1.395,2.422,93.533,50.001,Dehydration,3.359146
10,-60360,Prey,-1,0,14.909,1.374,2.400,105.925,50.001,Dehydration,4.01339
10,-60500,Prey,-1,0,18.788,1.423,1.574,95.722,52.001,Dehydration,-1.08183
10,-59940,Prey,-1,0,15.898,0.904,2.396,99.351,75.279,Starvation,5.202223
11,-64660,Prey,-1,0,19.594,1.329,1.889,107.179,33.341,Starvation,-1.300516
11,-64800,Prey,-1,0,14.431,0.855,2.480,105.055,33.341,Starvation,-0.3005225
11,-64940,Prey,-1,0,14.328,1.475,2.089,108.190,33.341,Starvation,1.547977
11,-65360,Prey,-1,0,13.716,1.113,1.944,106.218,33.341,Starvation,-0.3005225
11,-65640,Prey,-1,0,18.535,1.494,1.500,109.682,33.341,Starvation,-0.3005225
11,-66760,Prey,-1,0,10.671,1.324,1.805,105.389,33.341,Starvation,-0.3005225
11,-67040,Prey,-1,0,14.741,1.353,2.461,97.124,33.341,Starvation,-0.3005225
11,-67320,Prey,-1,0,15.568,1.199,2.190,93.086,33.341,Starvation,0.01680398
11,-65500,Prey,-1,0,12.958,1.032,1.792,100.958,35.341,Starvation,0.8789487
11,-66340,Prey,-1,0,19.562,0.966,1.812,98.001,40.661,Starvation,3.233243
11,-66060,Prey,-1,0,18.303,0.844,1.772,93.514,46.441,Starvation,2.940347
11,-65080,Prey,-1,0,11.508,1.406,2.026,97.105,50.001,Starvation,3.351219
11,-65220,Prey,-1,0,16.683,1.028,2.282,99.214,50.001,Dehydration,2.05038
11,-65780,Prey,-1,0,17.259,1.000,2.251,101.307,50.001,Dehydration,1.529648
11,-65920,Prey,-1,0,17.635,0.841,1.687,93.326,50.001,Dehydration,1.646237
11,-66200,Prey,-1,0,19.457,0.837,1.852,102.650,50.001,Dehydration,1.667241
11,-66480,Prey,-1,0,13.453,0.961,1.925,104.314,50.001,Dehydration,1.171714
11,-66900,Prey,-1,0,17.255,0.861,2.462,103.553,50.001,Dehydration,1.443666
11,-67180,Prey,-1,0,19.846,1.072,1.599,108.244,50.001,Dehydration,1.149394
11,-66620,Prey,-1,0,13.904,0.921,1.968,99.332,65.341,Starvation,2.266583
12,-69940,Prey,-1,0,18.338,0.867,2.368,97.902,33.341,Starvation,0.9747448
12,-70220,Prey,-1,0,14.935,1.480,1.822,97.278,33.341,Starvation,-0.3005225
12,-70500,Prey,-1,0,14.241,1.058,1.815,92.304,33.341,Starvation,-0.3005225
12,-70780,Prey,-1,0,10.237,1.234,2.064,109.065,33.341,Starvation,-0.3005225
12,-70920,Prey,-1,0,14.659,0.947,2.370,101.408,33.341,Starvation,-1.800522
12,-71060,Prey,-1,0,14.652,0.974,1.648,96.369,33.341,Starvation,0.06389582
12,-71340,Prey,-1,0,16.362,1.288,2.338,93.341,33.341,Starvation,2.183478
12,-71760,Prey,-1,0,18.647,1.220,2.458,93.558,33.341,Starvation,0.01680398
12,-72040,Prey,-1,0,15.122,1.089,2.082,100.307,33.341,Starvation,-0.3005225
12,-72180,Prey,-1,0,19.171,0.862,1.616,99.197,33.341,Starvation,-0.3005225
12,-70080,Prey,-1,0,16.634,0.927,2.159,106.456,50.001,Dehydration,0.6907227
12,-70360,Prey,-1,0,13.646,1.171,1.794,108.793,50.001,Dehydration,1.587672
12,-71480,Prey,-1,0,14.149,1.408,1.927,102.835,50.001,Dehydration,3.349329
12,-71620,Prey,-1,0,19.730,1.043,2.381,109.549,50.001,Dehydration,0.8663884
12,-72320,Prey,-1,0,14.815,1.456,2.252,100.336,50.001,Dehydration,0.5062217
12,-72460,Prey,-1,0,13.718,0.893,1.915,109.739,50.001,Dehydration,1.868988
12,-72600,Prey,-1,0,10.105,1.309,2.225,92.876,50.001,Dehydration,1.13184
12,-70640,Prey,-1,0,17.233,0.806,1.721,91.094,52.001,Dehydration,1.971503
12,-71900,Prey,-1,0,12.136,0.806,2.065,104.439,57.941,Starvation,3.412187
12,-71200,Prey,-1,0,19.362,1.232,1.691,109.970,88.217,Dehydration,7.768825
13,-75000,Prey,-1,0,13.152,0.845,2.017,106.003,33.341,Starvation,-2.300517
13,-75140,Prey,-1,0,10.943,0.813,2.228,100.135,33.341,Starvation,-0.3005225
13,-75280,Prey,-1,0,16.928,1.034,1.598,98.396,33.341,Starvation,-4.717188
13,-75560,Prey,-1,0,15.751,0.993,1.505,98.546,33.341,Starvation,0.3333231
13,-76680,Prey,-1,0,10.570,0.846,1.888,99.293,33.341,Starvation,-0.3005225
13,-76820,Prey,-1,0,16.670,0.978,1.757,91.783,33.341,Starvation,-0.3005225
13,-77100,Prey,-1,0,19.181,0.817,2.015,92.908,33.341,Starvation,-0.3005225
13,-77240,Prey,-1,0,10.335,1.199,1.612,104.664,33.341,Starvation,-0.3005225
13,-77520,Prey,-1,0,13.916,0.899,1.933,103.681,33.341,Starvation,-0.3005225
13,-75840,Prey,-1,0,14.723,1.167,1.591,107.452,45.221,Starvation,1.037336
13,-76120,Prey,-1,0,13.242,1.027,1.624,96.186,47.981,Starvation,0.5362991
13,-75700,Prey,-1,0,18.898,1.437,1.635,90.750,50.001,Dehydration,2.871153
13,-75980,Prey,-1,0,18.081,1.062,1.691,108.877,50.001,Dehydration,1.166863
13,-76260,Prey,-1,0,14.579,0.811,2.339,96.023,50.001,Dehydration,2.191095
13,-77380,Prey,-1,0,16.379,0.903,2.432,90.385,50.001,Dehydration,1.503327
13,-76540,Prey,-1,0,19.682,1.008,1.776,99.190,54.001,Starvation,5.87888
13,-76960,Prey,-1,0,19.710,1.430,2.329,91.127,55.041,Starvation,4.706698
13,-77660,Prey,-1,0,15.410,1.199,2.289,94.659,55.381,Starvation,2.554298
13,-75420,Prey,-1,0,16.726,1.277,2.413,108.671,65.221,Starvation,4.952051
13,-76400,Prey,-1,0,16.724,1.154,2.092,98.646,67.521,Dehydration,3.619777
14,-80560,Prey,-1,0,12.439,1.243,2.030,91.630,33.341,Starvation,-0.3005225
14,-80840,Prey,-1,0,14.437,1.216,1.824,104.788,33.341,Starvation,2.183478
14,-80980,Prey,-1,0,10.422,1.150,1.690,102.177,33.341,Starvation,-0.3005225
14,-81120,Prey,-1,0,13.227,1.231,1.788,109.245,33.341,Starvation,-0.3005225
14,-81540,Prey,-1,0,11.448,1.178,1.636,101.210,33.341,Starvation,-0.3005225
14,-82100,Prey,-1,0,15.711,1.458,1.601,97.951,33.341,Starvation,-0.3005225
14,-82240,Prey,-1,0,14.827,1.424,1.816,100.177,33.341,Starvation,-0.3005225
14,-82380,Prey,-1,0,16.126,1.380,2.292,93.902,33.341,Starvation,0.9826764
14,-82940,Prey,-1,0,12.061,1.025,2.007,101.089,33.341,Starvation,-0.3005225
14,-81820,Prey,-1,0,13.343,1.009,2.450,109.366,35.341,Starvation,-1.812937
14,-82520,Prey,-1,0,19.558,1.498,1.742,102.018,35.341,Starvation,0.1870635
14,-81400,Prey,-1,0,17.995,1.410,1.873,97.303,43.541,Starvation,0.7488036
14,-80420,Prey,-1,0,18.319,1.404,2.459,97.151,50.001,Dehydration,2.781356
14,-80700,Prey,-1,0,19.227,0.990,2.249,92.705,50.001,Dehydration,3.501016
14,-81260,Prey,-1,0,19.273,1.013,2.075,96.308,50.001,Dehydration,0.03432798
14,-81680,Prey,-1,0,14.776,0.930,2.363,108.921,50.001,Dehydration,2.968435
14,-82660,Prey,-1,0,11.460,0.962,1.784,104.082,50.001,Dehydration,0.2920585
14,-81960,Prey,-1,0,15.029,1.361,2.314,108.449,59.481,Dehydration,1.310388
14,-82800,Prey,-1,0,13.260,1.019,2.003,98.785,65.961,Dehydration,4.8613
14,-80280,Prey,-1,0,14.046,1.187,1.579,107.792,83.618,Starvation,8.001309
15,-85340,Prey,-1,0,12.814,0.963,1.965,92.761,33.341,Starvation,-0.3171892
15,-86180,Prey,-1,0,15.532,0.922,2.173,91.073,33.341,Starvation,-3.300514
15,-86320,Prey,-1,0,13.027,1.223,1.572,109.900,33.341,Starvation,2.183475
15,-86880,Prey,-1,0,13.609,1.237,2.313,91.671,33.341,Starvation,1.583423
15,-87020,Prey,-1,0,12.336,0.963,1.658,93.861,33.341,Starvation,-0.3005225
15,-87160,Prey,-1,0,19.567,0.807,1.534,91.050,33.341,Starvation,-0.3005225
15,-87580,Prey,-1,0,18.363,1.196,2.462,96.488,33.341,Starvation,0.06389582
15,-86040,Prey,-1,0,17.716,1.226,1.914,92.752,40.661,Starvation,3.039536
15,-85480,Prey,-1,0,19.899,0.843,2.234,90.561,42.281,Starvation,2.621779
15,-86600,Prey,-1,0,17.099,1.464,1.893,94.925,46.501,Starvation,0.1675934
15,-87720,Prey,-1,0,12.579,1.271,2.300,106.193,48.901,Starvation,0.9486248
15,-85900,Prey,-1,0,13.502,1.304,1.891,106.798,50.001,Dehydration,3.372488
15,-86460,Prey,-1,0,11.346,1.467,2.249,109.172,50.001,Dehydration,1.167991
15,-87300,Prey,-1,0,11.894,1.453,1.574,107.583,50.001,Dehydration,1.483495
15,-87440,Prey,-1,0,17.535,1.475,1.850,103.256,50.001,Dehydration,1.966915
15,-88000,Prey,-1,0,11.328,1.382,2.456,103.785,50.001,Dehydration,1.12436
15,-85760,Prey,-1,0,16.259,1.263,2.409,107.917,53.521,Starvation,2.415459
15,-86740,Prey,-1,0,17.306,0.889,2.256,93.648,54.741,Starvation,4.683957
15,-85620,Prey,-1,0,17.985,1.058,1.878,92.135,62.261,Starvation,2.295472
15,-87860,Prey,-1,0,18.311,1.023,1.805,105.871,95.036,Starvation,13.37352
16,-91460,Prey,-1,0,13.048,1.196,2.472,102.487,33.341,Starvation,-0.3005225
16,-92160,Prey,-1,0,14.974,0.900,1.836,107.008,33.341,Starvation,-0.3005225
16,-92440,Prey,-1,0,12.494,1.257,1.822,93.111,33.341,Starvation,-0.3005225
16,-92720,Prey,-1,0,11.469,1.035,2.440,97.785,33.341,Starvation,-0.3005225
16,-92860,Prey,-1,0,10.742,1.324,1.673,100.642,33.341,Starvation,0.01680398
16,-93140,Prey,-1,0,18.612,1.265,1.611,91.908,33.341,Starvation,-0.3005225
16,-93280,Prey,-1,0,12.517,0.923,1.963,102.181,33.341,Starvation,-0.3005225
16,-91740,Prey,-1,0,13.749,1.382,1.622,103.359,46.861,Starvation,0.5607636
16,-90760,Prey,-1,0,15.644,0.872,1.848,91.841,49.301,Starvation,1.81673
16,-90900,Prey,-1,0,12.014,1.163,2.222,103.113,50.001,Dehydration,3.086129
16,-91040,Prey,-1,0,16.444,1.206,1.607,97.768,50.001,Dehydration,0.8081442
16,-91600,Prey,-1,0,17.789,1.458,1.975,94.434,50.001,Dehydration,2.28961
16,-91880,Prey,-1,0,13.621,1.098,2.184,103.121,50.001,Dehydration,1.704642
16,-92300,Prey,-1,0,13.358,0.847,2.466,97.051,50.001,Dehydration,2.390631
16,-92580,Prey,-1,0,19.759,0.881,2.314,104.235,50.001,Dehydration,2.674135
16,-91180,Prey,-1,0,17.185,1.255,2.260,106.840,59.481,Dehydration,4.147202
16,-93000,Prey,-1,0,12.942,0.869,2.368,105.341,61.981,Starvation,3.472465
16,-92020,Prey,-1,0,11.586,1.438,1.668,97.857,66.921,Starvation,2.439562
16,-90620,Prey,-1,0,14.965,0.891,2.465,109.283,72.380,Starvation,8.295572
16,-91320,Prey,-1,0,17.336,1.175,2.009,99.922,94.536,Dehydration,6.292353
